datetime,low,high,open,close,volumefrom,volumeto
2015-02-09,215.4,225.0,224.22,220.61,29625.03,6493501.42
2015-02-10,214.0,223.88,220.61,220.96,29268.95,6402350.57
2015-02-11,218.1,224.4,220.96,219.19,19289.28,4268986.79
2015-02-12,217.87,223.2,219.19,222.6,11190.65,2468883.37
2015-02-13,221.46,241.76,222.39,236.0,29079.11,6806972.89
2015-02-14,235.51,261.3,236.13,258.12,42984.94,10739014.48
2015-02-15,228.2,266.84,257.0,234.14,71361.28,17384420.7
2015-02-16,228.62,243.65,234.14,236.78,45750.85,10798751.12
2015-02-17,231.5,246.28,236.78,242.87,42669.08,10228035.45
2015-02-18,231.01,244.99,242.87,234.8,38588.38,9164141.83
2015-02-19,234.62,243.42,234.8,241.9,22792.55,5446200.04
2015-02-20,238.95,248.98,241.9,245.53,33337.97,8136342.67
2015-02-21,243.28,247.73,245.53,245.1,16514.04,4052466.26
2015-02-22,232.1,247.78,245.1,236.59,33394.5,7971863.56
2015-02-23,232.61,241.0,236.59,239.73,23893.09,5666261.84
2015-02-24,236.7,240.99,239.73,239.68,16784.31,4013461.44
2015-02-25,235.53,240.83,239.68,238.0,13574.5,3230232.16
2015-02-26,233.62,238.34,238.0,237.0,18691.43,4418655.89
2015-02-27,236.64,262.8,237.0,256.4,69269.58,17536633.13
2015-02-28,251.25,257.33,255.05,255.77,10695.34,2721373.29
2015-03-01,245.65,265.0,255.7,261.15,24361.06,6156716.71
2015-03-02,259.6,276.0,262.47,275.99,35351.14,9448438.14
2015-03-03,267.04,294.0,277.3,283.2,75940.04,21157890.72
2015-03-04,267.0,285.99,283.2,273.74,71328.67,19833718.19
2015-03-05,262.0,284.99,273.74,278.51,67235.69,18281541.95
2015-03-06,268.8,279.75,278.51,273.89,40490.63,11083898.02
2015-03-07,270.55,280.76,273.89,275.95,22095.92,6096102.1
2015-03-08,271.61,278.68,275.95,275.23,14729.83,4059996.89
2015-03-09,275.01,295.0,275.23,291.2,62709.27,17935918.08
2015-03-10,289.03,303.96,291.2,292.62,66533.18,19689801.8
2015-03-11,290.8,298.75,292.62,296.33,26799.48,7898592.99
2015-03-12,291.04,298.8,296.33,295.65,27237.56,8044592.43
2015-03-13,285.0,295.91,295.65,287.9,42613.88,12368444.8
2015-03-14,281.36,287.91,287.9,283.0,27077.04,7697730.93
2015-03-15,281.59,287.8,283.0,286.12,13491.22,3846739.5
2015-03-16,286.12,295.2,286.12,291.1,22427.27,6538607.02
2015-03-17,281.56,292.9,291.1,285.0,22077.69,6363650.41
2015-03-18,248.0,285.5,285.0,257.49,87951.0,23520537.51
2015-03-19,246.98,269.5,257.49,262.05,78178.66,20177686.14
2015-03-20,259.36,267.0,262.05,262.66,16500.89,4328441.8
2015-03-21,255.1,263.01,262.66,260.37,15163.43,3932500.29
2015-03-22,259.74,270.8,260.37,269.33,17916.0,4748216.13
2015-03-23,262.0,271.5,269.33,266.78,23864.89,6374502.51
2015-03-24,241.39,268.4,266.78,247.3,62637.82,15720801.73
2015-03-25,235.7,250.95,247.3,246.15,54741.19,13349382.19
2015-03-26,244.5,255.0,246.15,249.8,33117.57,8289565.28
2015-03-27,245.23,250.45,249.8,247.5,22184.43,5494965.57
2015-03-28,246.12,255.96,247.5,253.05,18235.55,4593944.06
2015-03-29,238.89,253.05,253.05,242.23,31797.94,7781423.43
2015-03-30,236.24,250.98,242.23,247.9,30546.36,7491359.46
2015-03-31,242.0,248.8,247.9,244.42,22592.89,5538544.5
2015-04-01,239.21,247.89,244.42,246.43,21379.93,5216062.22
2015-04-02,243.0,254.94,246.43,253.11,23794.07,5935950.99
2015-04-03,250.31,256.49,253.11,254.12,28441.25,7206777.03
2015-04-04,250.32,255.7,254.12,253.9,9307.17,2351734.92
2015-04-05,251.55,261.25,253.9,260.53,24071.39,6198045.49
2015-04-06,253.4,262.45,260.53,255.81,20575.47,5296679.24
2015-04-07,253.01,257.9,255.81,254.92,10671.27,2724103.24
2015-04-08,242.72,254.99,254.92,244.96,39630.95,9807179.38
2015-04-09,236.5,246.79,244.96,242.65,22658.3,5493893.77
2015-04-10,230.75,243.87,242.65,234.99,37202.32,8779200.94
2015-04-11,233.72,240.58,234.99,237.38,17768.04,4212454.68
2015-04-12,232.38,238.7,237.38,236.67,10172.05,2404156.47
2015-04-13,220.14,237.7,236.67,225.49,46724.93,10605496.24
2015-04-14,216.37,225.93,225.49,218.71,41148.33,9072017.43
2015-04-15,218.71,224.75,218.71,222.92,23442.21,5195993.12
2015-04-16,222.84,230.0,222.92,228.3,29581.76,6717348.59
2015-04-17,219.58,228.98,228.3,222.42,27070.0,6051099.42
2015-04-18,219.94,224.16,222.42,222.97,11785.5,2623795.09
2015-04-19,222.1,227.0,222.97,223.22,17660.83,3965289.9
2015-04-20,221.24,227.0,223.22,224.21,19973.12,4484304.64
2015-04-21,224.1,236.5,224.21,234.37,29961.31,6892018.26
2015-04-22,232.0,238.99,234.37,234.53,23827.36,5617505.96
2015-04-23,233.0,235.76,234.53,235.25,7823.74,1835916.77
2015-04-24,228.7,237.22,235.25,231.73,23673.65,5505129.65
2015-04-25,225.35,232.7,231.73,226.02,13177.38,3011012.08
2015-04-26,213.92,226.84,226.02,219.39,41157.48,9033043.42
2015-04-27,218.24,232.49,219.39,227.41,34855.3,7805497.05
2015-04-28,222.16,228.28,227.41,225.25,17572.04,3954137.75
2015-04-29,222.66,227.8,225.25,225.34,11932.43,2687371.88
2015-04-30,224.63,240.89,225.34,235.64,41431.76,9697487.46
2015-05-01,231.26,239.25,235.64,232.8,16071.25,3780970.84
2015-05-02,231.31,235.79,232.8,235.07,9367.6,2192424.93
2015-05-03,233.75,243.73,235.07,240.34,19106.42,4587767.58
2015-05-04,236.98,243.6,240.34,239.01,24777.49,5942074.73
2015-05-05,231.05,239.49,239.01,235.46,25961.79,6097569.04
2015-05-06,226.42,236.75,235.46,229.74,47349.28,10954983.7
2015-05-07,227.81,239.79,229.74,237.52,26878.77,6301218.65
2015-05-08,235.66,249.22,237.52,244.75,31722.59,7727308.38
2015-05-09,240.1,249.21,244.75,242.55,19368.92,4725248.25
2015-05-10,238.79,245.95,242.55,240.58,11858.21,2869134.78
2015-05-11,238.5,245.49,240.58,242.85,15688.2,3800696.06
2015-05-12,240.86,244.67,242.85,242.46,13120.58,3177594.62
2015-05-13,234.22,245.0,242.46,236.4,28252.17,6776979.42
2015-05-14,232.1,238.39,236.4,236.63,19670.32,4643708.28
2015-05-15,233.88,239.0,236.63,237.11,9576.0,2271369.9
2015-05-16,234.0,237.58,237.11,235.71,6025.86,1422779.3
2015-05-17,235.6,238.24,235.71,236.49,4861.62,1150863.49
2015-05-18,229.0,237.25,236.49,232.0,14048.52,3286691.0
2015-05-19,231.19,236.76,232.0,231.76,6090.08,1417681.02
2015-05-20,231.26,235.24,231.76,233.85,11423.86,2671752.01
2015-05-21,233.85,236.5,233.85,235.2,10562.21,2486289.06
2015-05-22,234.59,241.83,235.2,240.92,22276.5,5299519.14
2015-05-23,237.54,241.82,240.92,238.8,9043.62,2168898.61
2015-05-24,238.52,242.98,238.8,241.01,7220.39,1740186.7
2015-05-25,236.1,241.12,241.01,236.9,8572.3,2043440.91
2015-05-26,235.26,238.5,236.9,237.4,8820.64,2093218.42
2015-05-27,235.0,239.3,237.4,236.73,8944.34,2122389.91
2015-05-28,235.85,237.5,236.73,236.82,6024.08,1426119.1
2015-05-29,235.02,237.16,236.82,236.45,6848.67,1618056.66
2015-05-30,228.2,236.81,236.45,232.3,14475.33,3366947.9
2015-05-31,227.0,232.99,232.3,228.59,11634.78,2676639.56
2015-06-01,219.71,230.89,228.59,221.97,31986.22,7175381.61
2015-06-02,220.97,226.0,221.97,224.31,16516.22,3694507.67
2015-06-03,222.26,227.0,224.31,225.34,16972.54,3817598.47
2015-06-04,222.64,225.77,225.34,223.17,10967.86,2463291.81
2015-06-05,222.65,229.23,223.17,224.44,17898.58,4021547.46
2015-06-06,223.9,226.37,224.44,224.68,5544.68,1246754.84
2015-06-07,222.29,228.0,224.68,223.45,18472.36,4147859.6
2015-06-08,223.25,230.63,223.45,228.5,28938.66,6570924.91
2015-06-09,227.79,232.07,228.5,229.52,16167.06,3725315.85
2015-06-10,227.48,229.97,229.52,228.74,10947.06,2505202.24
2015-06-11,228.6,230.7,228.74,229.69,9405.68,2160876.76
2015-06-12,229.11,231.34,229.69,229.82,9642.67,2220804.49
2015-06-13,228.4,234.3,229.82,232.72,11318.33,2615105.12
2015-06-14,232.51,235.44,232.72,233.58,8276.26,1936118.7
2015-06-15,233.31,238.16,233.58,237.18,19113.51,4515998.59
2015-06-16,236.0,254.0,237.18,251.48,49895.07,12243880.11
2015-06-17,246.0,259.1,251.48,246.93,47887.62,12087271.56
2015-06-18,243.0,253.7,246.93,249.11,27419.49,6829549.92
2015-06-19,243.5,252.13,249.11,244.57,23249.18,5758013.7
2015-06-20,240.0,245.95,244.57,245.3,24626.33,5981262.18
2015-06-21,241.09,245.69,245.3,243.82,8183.79,1990342.81
2015-06-22,243.5,247.99,243.82,247.35,18310.0,4502474.53
2015-06-23,242.0,247.35,247.35,244.0,11385.03,2781373.82
2015-06-24,239.0,244.27,244.0,240.45,15338.35,3704516.64
2015-06-25,239.5,243.0,240.45,242.49,9336.92,2254668.6
2015-06-26,240.61,243.9,242.49,243.17,10132.1,2452932.97
2015-06-27,242.6,251.77,243.17,251.47,18060.1,4476775.67
2015-06-28,247.25,252.06,251.47,249.34,12617.64,3152292.96
2015-06-29,248.57,257.74,249.34,257.01,34828.47,8828406.56
2015-06-30,253.05,269.0,257.01,264.5,47170.54,12408717.24
2015-07-01,252.77,264.81,264.5,257.83,21961.28,5670726.94
2015-07-02,253.0,262.61,257.83,254.59,17249.19,4422772.58
2015-07-03,252.11,256.9,254.59,255.38,11622.32,2957503.24
2015-07-04,253.57,262.64,255.38,260.85,10653.62,2749608.42
2015-07-05,258.0,277.58,260.85,270.17,2608.8,704526.58
2015-07-06,267.33,278.69,270.17,272.0,38371.63,9641.56
2015-07-07,272.0,272.0,272.0,272.0,0.0,0.0
2015-07-08,272.0,272.0,272.0,272.0,0.0,0.0
2015-07-09,272.0,272.0,272.0,272.0,0.0,0.0
2015-07-10,272.0,272.0,272.0,272.0,0.0,0.0
2015-07-11,292.4,295.42,293.61,293.78,1237.39,364057.29
2015-07-12,291.81,316.23,293.78,311.51,61228.35,18710635.29
2015-07-13,281.5,312.0,311.51,291.89,74021.44,21608865.2
2015-07-14,286.0,297.25,291.89,287.96,23117.93,6737579.9
2015-07-15,283.51,294.44,287.96,284.0,21032.86,6094214.04
2015-07-16,275.21,295.0,284.0,278.89,53995.36,15249856.27
2015-07-17,272.0,281.55,278.89,279.67,25620.29,7096065.92
2015-07-18,276.12,283.33,279.67,277.31,15519.08,4337798.96
2015-07-19,274.69,279.18,277.31,275.03,7924.86,2192745.97
2015-07-20,273.5,280.0,275.03,278.95,11561.68,3202840.49
2015-07-21,275.09,282.1,278.95,276.1,13328.73,3723868.9
2015-07-22,274.5,278.39,276.1,278.12,10848.57,2999577.19
2015-07-23,275.56,278.44,278.12,276.38,5527.72,1532368.03
2015-07-24,276.02,289.93,276.38,289.3,23926.71,6804666.43
2015-07-25,286.39,292.35,289.3,289.76,11635.62,3365849.62
2015-07-26,288.12,294.57,289.76,292.57,9647.58,2816573.6
2015-07-27,286.0,298.74,292.57,294.71,25110.05,7361492.48
2015-07-28,293.61,298.93,294.71,295.07,14750.14,4362469.79
2015-07-29,286.02,295.68,295.07,289.15,15475.07,4505454.95
2015-07-30,284.01,291.0,289.15,287.66,12381.15,3558448.06
2015-07-31,281.0,289.85,287.66,284.38,14643.56,4166641.25
2015-08-01,276.53,284.99,284.38,280.95,12167.71,3402643.89
2015-08-02,276.26,283.44,280.95,282.34,11760.99,3287006.82
2015-08-03,279.7,287.05,282.34,283.51,13975.2,3971055.98
2015-08-04,281.25,285.94,283.51,284.72,12386.04,3521558.44
2015-08-05,281.49,285.94,284.72,282.38,7686.48,2178457.33
2015-08-06,278.0,282.64,282.38,279.1,10193.73,2854829.42
2015-08-07,276.07,281.0,279.1,279.25,12430.26,3465276.0
2015-08-08,260.62,280.32,279.25,261.13,36510.57,9858447.63
2015-08-09,260.68,267.6,261.13,266.18,21156.31,5586331.32
2015-08-10,262.17,267.72,266.18,264.96,10727.47,2842795.23
2015-08-11,264.81,272.99,264.96,271.22,12800.54,3425105.31
2015-08-12,265.8,273.75,271.22,269.42,16107.09,4339867.53
2015-08-13,263.33,269.42,269.42,264.55,13310.5,3533759.25
2015-08-14,262.13,268.97,264.55,266.57,13367.49,3553585.64
2015-08-15,260.96,267.76,266.57,262.2,9986.54,2643109.79
2015-08-16,256.5,262.9,262.2,259.71,27849.95,7232531.12
2015-08-17,257.4,262.37,259.71,258.49,9959.39,2582333.66
2015-08-18,246.27,258.5,258.49,246.3,41307.63,10412362.1
2015-08-19,162.0,255.08,246.3,226.29,123502.36,27261039.12
2015-08-20,221.49,237.94,226.29,235.52,26954.16,6288594.52
2015-08-21,230.52,236.43,235.52,232.82,12834.54,2993648.45
2015-08-22,221.77,234.71,232.82,230.03,20968.79,4788302.04
2015-08-23,225.58,232.88,230.03,227.53,11909.02,2734484.24
2015-08-24,207.62,229.07,227.53,212.63,49975.61,10841900.7
2015-08-25,196.6,228.77,212.63,222.0,67789.72,14410194.33
2015-08-26,220.1,232.38,222.0,225.98,23212.32,5267056.71
2015-08-27,224.0,229.5,225.98,224.06,11589.14,2626395.96
2015-08-28,220.11,238.9,224.06,232.92,27052.03,6218034.2
2015-08-29,227.16,234.03,232.92,229.17,10125.89,2330256.46
2015-08-30,225.2,233.96,229.17,229.17,8990.75,2061181.55
2015-08-31,225.31,233.69,229.17,230.8,11192.2,2578555.28
2015-09-01,226.55,232.39,230.8,227.6,9764.7,2233445.41
2015-09-02,226.51,231.89,227.6,229.37,9045.3,2072634.63
2015-09-03,226.1,229.99,229.37,226.66,6950.52,1582610.17
2015-09-04,226.66,231.66,226.66,231.19,10809.77,2486507.68
2015-09-05,230.01,239.76,231.19,235.73,12108.19,2839856.93
2015-09-06,235.5,248.48,235.73,240.74,20611.16,4976257.17
2015-09-07,239.03,243.0,240.74,240.34,6777.5,1634411.17
2015-09-08,240.26,247.68,240.34,244.12,16405.4,4011656.97
2015-09-09,238.38,245.57,244.12,238.93,15452.6,3721902.68
2015-09-10,237.01,241.9,238.93,239.69,10820.9,2594756.82
2015-09-11,239.25,242.78,239.69,241.0,6776.79,1632372.96
2015-09-12,235.33,241.0,241.0,236.82,9633.16,2287803.45
2015-09-13,228.95,237.17,236.82,231.15,11821.34,2754139.25
2015-09-14,228.4,233.9,231.15,230.96,9630.9,2227747.76
2015-09-15,229.5,232.93,230.96,231.06,6829.41,1579388.92
2015-09-16,227.33,232.12,231.06,228.97,8822.09,2022849.82
2015-09-17,228.93,235.71,228.97,233.51,11231.12,2608141.69
2015-09-18,232.52,236.26,233.51,233.22,8699.27,2037586.95
2015-09-19,231.4,234.19,233.22,232.09,5044.73,1173948.64
2015-09-20,231.4,233.38,232.09,232.53,3441.82,799966.52
2015-09-21,226.38,232.97,232.53,227.09,9758.83,2229842.43
2015-09-22,224.25,233.95,227.83,230.61,18414.27,4214878.96
2015-09-23,230.03,233.0,232.25,230.25,4971.94,1150791.69
2015-09-24,230.6,236.25,230.63,234.61,15210.46,3563118.61
2015-09-25,233.05,237.7,234.64,235.64,9824.28,2322721.05
2015-09-26,233.75,235.95,235.69,235.08,4661.99,1095223.22
2015-09-27,233.0,234.78,234.59,233.54,2564.62,599660.92
2015-09-28,233.4,241.44,233.42,241.09,12413.2,2962573.09
2015-09-29,236.88,241.5,240.8,237.9,8825.03,2107606.04
2015-09-30,235.11,238.78,236.99,236.59,5042.62,1195196.93
2015-10-01,236.19,240.09,236.59,238.47,6071.06,1446204.95
2015-10-02,237.33,240.0,238.15,237.66,5447.39,1299147.04
2015-10-03,237.68,241.11,237.85,239.85,6133.07,1470879.02
2015-10-04,239.29,240.93,239.73,239.48,2001.01,480138.52
2015-10-05,236.24,242.0,239.49,241.8,11345.81,2720130.22
2015-10-06,241.51,249.01,242.0,247.31,16136.78,3968336.96
2015-10-07,243.5,247.93,247.36,244.11,8584.96,2107840.15
2015-10-08,242.62,245.65,244.03,243.64,5956.05,1453818.48
2015-10-09,242.63,245.45,242.7,244.85,3556.33,868782.67
2015-10-10,243.5,246.41,244.99,246.02,4111.12,1009051.69
2015-10-11,243.75,248.73,245.97,248.1,4850.24,1196992.54
2015-10-12,245.21,248.45,247.85,246.23,4968.69,1226918.93
2015-10-13,244.0,253.43,246.01,250.34,16410.4,4093706.26
2015-10-14,250.1,255.95,251.14,253.5,10047.33,2541422.56
2015-10-15,253.44,257.5,253.59,254.99,10145.05,2591115.27
2015-10-16,254.92,267.83,254.92,263.27,21492.76,5637612.92
2015-10-17,258.32,275.19,263.07,271.32,40604.92,10948021.36
2015-10-18,263.3,274.66,274.47,264.44,14822.94,3959399.24
2015-10-19,262.35,268.28,265.73,265.03,10743.26,2846622.36
2015-10-20,264.39,273.97,266.5,270.82,13899.02,3742037.93
2015-10-21,264.1,272.28,270.72,267.56,10327.74,2767007.1
2015-10-22,267.3,279.97,268.29,275.89,27082.13,7437313.78
2015-10-23,275.15,280.9,275.58,277.99,15448.47,4301103.18
2015-10-24,279.66,284.45,279.66,284.43,12774.37,3596468.47
2015-10-25,281.2,295.99,284.45,288.86,37524.92,10861129.51
2015-10-26,282.25,287.92,286.21,286.63,16739.47,4765919.03
2015-10-27,286.71,298.86,287.24,295.59,26563.98,7798862.8
2015-10-28,295.79,307.99,296.7,303.95,34753.76,10467802.58
2015-10-29,301.5,321.53,303.59,315.03,49852.64,15558927.44
2015-10-30,313.82,336.0,314.72,328.25,61568.03,20048674.78
2015-10-31,307.2,335.87,331.56,315.3,41089.28,13148727.01
2015-11-01,313.6,333.49,318.1,332.16,24497.88,7908824.0
2015-11-02,326.8,373.12,331.73,364.86,69775.42,24388156.57
2015-11-03,361.11,423.88,364.0,398.8,169084.56,66221637.08
2015-11-04,366.66,504.0,408.28,399.98,266768.61,119142143.27
2015-11-05,370.0,449.95,391.77,382.64,149003.41,59991225.88
2015-11-06,351.2,396.78,385.57,370.66,105547.7,39300707.15
2015-11-07,370.55,392.23,370.66,387.44,34327.36,13181719.44
2015-11-08,365.56,390.33,386.0,373.7,29377.86,11150137.05
2015-11-09,360.0,388.99,373.32,381.94,36157.12,13607333.61
2015-11-10,327.02,383.4,372.0,339.71,82647.07,29242641.19
2015-11-11,300.28,343.79,340.28,308.7,114163.83,36020257.73
2015-11-12,314.14,346.44,317.51,336.31,54094.19,17909535.56
2015-11-13,326.22,343.75,336.5,336.24,29488.11,9875649.72
2015-11-14,328.5,340.72,338.44,333.15,20143.94,6733233.86
2015-11-15,315.0,336.6,333.44,318.12,30526.9,9888810.78
2015-11-16,315.2,335.0,320.13,331.79,25254.05,8240732.91
2015-11-17,331.05,342.5,332.0,336.02,26824.1,9021486.89
2015-11-18,327.91,338.99,336.28,337.31,14441.18,4824539.98
2015-11-19,324.02,336.57,335.62,325.53,18681.8,6153761.55
2015-11-20,309.46,326.77,326.61,322.48,29699.74,9461812.4
2015-11-21,318.95,329.35,322.36,325.49,9965.84,3244958.72
2015-11-22,320.36,327.66,327.48,323.1,6871.43,2223545.15
2015-11-23,320.9,327.5,324.17,323.41,7706.02,2497116.95
2015-11-24,315.55,323.77,323.6,319.24,9335.16,2993114.13
2015-11-25,316.02,332.43,320.46,328.73,20380.22,6639224.9
2015-11-26,329.89,369.9,330.8,356.29,78423.24,27346961.49
2015-11-27,348.18,367.0,351.79,361.97,33811.15,12127271.11
2015-11-28,351.0,362.44,355.16,357.29,16436.22,5850617.3
2015-11-29,355.17,376.0,358.83,373.0,24938.78,9132042.94
2015-11-30,368.11,384.99,373.99,379.0,46817.78,17692585.26
2015-12-01,353.1,379.99,378.23,362.18,43774.35,15927980.76
2015-12-02,346.13,363.22,361.18,359.59,30939.0,10978177.77
2015-12-03,352.25,371.5,358.89,360.09,27109.46,9831810.14
2015-12-04,354.31,364.4,360.88,362.07,14461.64,5196428.77
2015-12-05,362.08,395.0,363.89,388.92,44771.67,16945599.91
2015-12-06,386.01,407.57,393.73,397.86,55812.16,22129296.81
2015-12-07,384.53,404.24,387.5,396.45,31650.85,12523960.97
2015-12-08,388.37,418.35,397.0,417.99,24334.02,9746394.03
2015-12-09,405.0,426.59,417.41,417.67,50129.41,20912810.98
2015-12-10,411.09,421.82,420.66,415.72,20367.69,8472916.72
2015-12-11,416.04,455.0,416.39,453.51,70708.96,31036007.37
2015-12-12,402.5,475.04,453.55,435.0,102451.35,44634199.77
2015-12-13,415.24,443.92,433.04,436.02,32460.35,14098605.93
2015-12-14,430.21,450.0,430.47,441.7,25563.84,11337028.57
2015-12-15,443.0,467.29,445.85,464.84,40520.41,18555977.11
2015-12-16,440.0,469.99,465.69,454.87,66501.46,30290815.39
2015-12-17,446.21,458.56,454.71,456.89,17571.84,7971263.73
2015-12-18,450.1,466.6,456.55,462.87,26777.25,12317794.96
2015-12-19,452.0,467.0,462.88,461.07,20952.54,9655196.52
2015-12-20,431.5,462.78,461.84,442.47,46026.45,20469545.85
2015-12-21,424.37,447.45,437.72,438.04,42075.65,18336586.88
2015-12-22,433.0,443.64,437.68,436.69,18082.39,7922136.53
2015-12-23,433.62,445.76,435.06,443.2,15891.11,7001265.01
2015-12-24,442.45,459.1,443.0,456.5,19755.1,8955798.83
2015-12-25,445.0,460.0,456.57,455.85,15023.29,6819698.26
2015-12-26,405.5,460.05,455.25,416.51,96190.2,40995336.67
2015-12-27,407.0,424.89,414.56,422.87,26688.8,11170635.09
2015-12-28,417.01,429.0,424.99,419.69,23033.1,9753780.25
2015-12-29,418.01,433.55,421.0,430.13,21246.04,9059092.05
2015-12-30,420.0,434.0,430.49,425.34,21415.38,9154735.78
2015-12-31,412.5,432.59,423.0,428.51,20886.79,8845560.46
2016-01-01,426.26,436.49,430.0,434.1,12764.39,5518307.21
2016-01-02,430.0,435.8,434.5,432.88,5857.84,2534639.03
2016-01-03,421.73,433.07,432.96,429.0,18890.17,8061180.65
2016-01-04,426.97,435.67,428.21,432.77,12647.85,5462825.91
2016-01-05,427.91,434.91,432.8,431.12,11111.9,4795001.04
2016-01-06,425.03,432.24,431.18,431.02,8101.17,3476135.28
2016-01-07,427.11,459.52,429.09,459.0,51728.62,23156236.3
2016-01-08,446.55,465.0,459.0,453.9,33422.0,15244439.46
2016-01-09,447.07,456.01,453.93,450.01,8625.75,3889886.71
2016-01-10,441.01,449.87,449.66,447.85,13039.36,5802400.32
2016-01-11,443.42,452.49,448.9,449.1,14278.11,6396297.27
2016-01-12,444.31,449.98,446.49,446.13,10299.47,4603800.22
2016-01-13,416.0,436.36,432.64,431.27,30615.78,13080083.77
2016-01-14,426.0,435.0,430.79,429.0,13112.83,5643679.18
2016-01-15,365.51,429.11,428.9,375.0,115425.76,46025410.27
2016-01-16,352.5,387.98,367.0,387.23,68213.36,25436510.37
2016-01-17,378.76,393.31,388.05,384.3,18095.3,6984493.53
2016-01-18,375.01,390.0,383.21,386.06,18611.6,7143647.86
2016-01-19,377.41,388.61,386.15,379.9,16643.43,6364129.89
2016-01-20,375.01,428.0,378.97,415.95,79780.26,32495689.27
2016-01-21,405.0,424.57,418.94,410.9,28304.28,11710297.62
2016-01-22,371.25,411.2,411.01,381.49,61093.94,23720821.33
2016-01-23,379.85,394.81,382.9,387.68,20455.64,7936044.57
2016-01-24,385.87,407.33,386.71,403.76,22822.4,9143315.88
2016-01-25,384.0,402.27,399.1,392.55,20556.2,8106291.08
2016-01-26,386.66,398.0,392.44,389.41,12778.25,5020825.03
2016-01-27,390.27,396.99,390.49,395.12,8029.12,3167927.89
2016-01-28,375.01,395.48,394.78,379.0,24298.13,9283620.24
2016-01-29,360.03,386.0,374.39,378.8,60403.28,22525707.76
2016-01-30,374.0,380.6,377.56,376.99,10202.34,3847112.56
2016-01-31,365.0,378.9,376.69,367.01,11689.23,4371077.92
2016-02-01,363.23,379.27,366.89,370.72,23680.45,8778348.42
2016-02-02,369.69,374.8,372.43,373.0,10258.59,3821555.69
2016-02-03,365.65,374.0,372.87,367.5,13006.9,4814164.74
2016-02-04,369.0,393.89,369.0,392.57,36608.56,14053673.51
2016-02-05,384.19,393.0,387.99,386.81,16082.82,6237814.4
2016-02-06,365.0,386.32,386.32,373.5,40041.43,15029483.68
2016-02-07,369.17,377.8,374.48,372.32,12807.08,4784482.22
2016-02-08,369.01,377.0,373.16,370.0,16404.34,6125363.42
2016-02-09,370.04,377.96,370.31,373.97,8872.8,3318839.43
2016-02-10,373.13,387.0,373.57,380.88,33394.77,12699885.49
2016-02-11,372.25,383.23,380.77,377.47,14104.97,5325175.79
2016-02-12,377.04,383.53,378.77,382.27,9639.97,3669342.46
2016-02-13,382.6,392.08,382.99,389.0,13709.52,5321608.29
2016-02-14,393.0,407.25,394.57,406.5,27421.6,10965085.77
2016-02-15,395.23,412.5,409.82,400.69,29396.15,11835834.35
2016-02-16,398.66,408.77,401.93,407.31,13616.17,5510537.09
2016-02-17,405.16,421.9,407.62,416.09,29164.3,12116033.12
2016-02-18,412.51,426.21,414.08,421.51,24454.52,10275840.96
2016-02-19,412.0,422.54,421.76,419.06,13083.33,5476183.98
2016-02-20,420.09,445.96,420.59,443.01,46159.29,20119249.28
2016-02-21,428.01,451.6,441.01,440.53,42570.19,18706883.52
2016-02-22,433.01,442.5,437.03,440.02,15103.64,6622738.79
2016-02-23,416.24,442.67,440.7,421.6,32119.67,13676469.01
2016-02-24,409.69,427.5,422.29,424.61,22154.94,9329872.7
2016-02-25,419.5,430.0,427.18,425.36,12893.4,5477626.84
2016-02-26,419.83,433.84,423.61,431.47,16471.58,7022241.63
2016-02-27,431.81,438.6,436.3,434.0,10607.67,4611424.61
2016-02-28,422.1,437.89,434.27,434.4,19585.06,8424284.98
2016-02-29,430.51,445.0,432.51,440.0,19742.0,8667635.41
2016-03-01,427.26,442.79,439.58,434.0,19420.48,8445320.66
2016-03-02,423.76,436.45,434.35,424.53,14749.54,6336030.47
2016-03-03,416.4,424.34,422.49,420.97,19073.23,8014360.53
2016-03-04,407.5,423.99,420.56,409.62,21196.99,8809050.89
2016-03-05,389.0,410.14,408.73,397.42,45829.53,18296978.7
2016-03-06,392.01,409.5,396.63,403.93,18739.52,7522446.21
2016-03-07,401.51,415.8,403.5,414.51,14606.56,5984633.52
2016-03-08,406.0,416.0,413.35,411.53,10091.07,4151750.85
2016-03-09,407.47,414.5,410.35,412.83,8796.38,3617348.63
2016-03-10,410.68,418.24,413.01,417.16,13569.44,5632906.08
2016-03-11,415.5,423.6,416.63,420.0,15180.14,6384525.47
2016-03-12,406.38,421.81,420.22,410.99,16878.72,6961462.83
2016-03-13,410.31,416.0,410.56,412.26,7419.63,3063710.45
2016-03-14,411.7,417.99,412.26,415.22,9223.48,3827523.76
2016-03-15,412.78,418.82,415.99,415.41,9476.18,3942401.39
2016-03-16,413.96,418.0,416.2,417.4,6633.19,2757279.35
2016-03-17,416.67,420.6,417.48,418.58,8151.0,3413997.81
2016-03-18,403.01,418.86,417.96,408.71,20757.77,8506557.28
2016-03-19,404.0,412.0,407.55,409.64,8688.48,3536537.45
2016-03-20,407.92,413.2,409.01,411.92,5336.6,2193113.95
2016-03-21,406.0,412.14,411.0,411.44,7687.17,3148605.66
2016-03-22,409.88,418.68,411.05,416.7,9903.04,4123951.5
2016-03-23,415.83,419.72,417.4,417.32,7087.45,2961271.62
2016-03-24,414.0,418.19,417.32,415.65,7601.0,3162785.67
2016-03-25,413.03,417.03,414.62,416.16,4638.64,1927683.55
2016-03-26,413.2,419.4,416.16,416.7,5059.61,2107456.82
2016-03-27,415.79,431.0,416.71,426.57,22332.61,9494209.46
2016-03-28,422.38,427.99,426.73,424.1,9150.87,3889713.42
2016-03-29,406.51,426.41,424.03,415.99,23232.82,9647239.64
2016-03-30,408.58,416.0,415.21,413.5,8889.51,3668379.7
2016-03-31,414.12,418.25,414.98,416.4,6901.95,2874716.43
2016-04-01,414.0,417.6,416.21,416.8,5146.28,2141873.84
2016-04-02,417.55,422.8,417.55,420.31,5943.73,2500049.61
2016-04-03,416.0,421.82,420.49,420.65,4043.27,1694801.06
2016-04-04,416.24,420.99,420.96,420.54,5094.81,2135151.31
2016-04-05,419.61,425.0,420.01,424.53,7219.7,3052754.53
2016-04-06,421.69,424.68,424.0,422.85,5637.56,2383977.55
2016-04-07,417.78,422.86,422.34,421.26,7521.75,3165022.04
2016-04-08,415.5,424.49,421.34,418.24,9817.11,4128929.83
2016-04-09,412.0,418.5,418.42,418.37,6239.54,2592866.8
2016-04-10,417.49,422.9,418.36,420.75,4163.11,1751917.0
2016-04-11,418.8,423.9,421.43,423.01,6342.81,2677404.81
2016-04-12,423.7,430.0,424.99,426.65,14272.87,6091028.88
2016-04-13,423.0,427.68,426.01,424.95,6599.66,2806050.91
2016-04-14,424.01,426.49,424.71,425.81,3950.8,1680095.38
2016-04-15,426.01,432.49,426.01,431.49,15774.13,6777761.76
2016-04-16,430.47,435.67,431.32,431.99,7568.53,3278147.76
2016-04-17,426.37,433.49,432.32,428.8,8412.48,3609440.88
2016-04-18,426.52,430.91,428.97,429.55,6986.81,2996022.74
2016-04-19,428.54,439.0,430.27,437.73,11540.54,5006605.76
2016-04-20,436.6,446.61,438.35,443.56,20911.23,9231142.71
2016-04-21,443.04,454.5,443.1,451.99,17510.65,7848044.84
2016-04-22,444.51,453.15,452.04,447.69,12027.24,5390348.7
2016-04-23,445.67,454.95,447.8,452.52,9917.38,4463476.35
2016-04-24,450.18,464.99,453.68,463.93,23910.87,10951348.91
2016-04-25,455.0,471.58,463.22,466.43,22940.13,10621657.23
2016-04-26,462.55,471.99,463.89,468.07,18228.9,8516970.39
2016-04-27,445.98,470.17,468.59,447.52,37979.57,17344376.83
2016-04-28,435.0,450.83,444.98,450.59,24564.15,10879874.68
2016-04-29,445.8,457.49,450.6,455.41,12931.65,5849778.8
2016-04-30,445.01,455.98,455.97,445.08,10119.1,4556057.72
2016-05-01,445.69,452.99,447.78,450.04,3848.69,1731702.42
2016-05-02,436.0,452.5,451.82,443.98,29629.19,13113695.89
2016-05-03,440.1,452.0,443.81,451.1,11815.77,5288116.13
2016-05-04,445.07,450.98,450.87,447.09,7021.88,3144071.57
2016-05-05,445.51,451.68,447.25,449.01,10634.0,4769688.63
2016-05-06,448.0,466.0,448.6,462.79,26355.4,12057478.21
2016-05-07,458.3,463.05,461.52,460.4,7641.95,3521390.08
2016-05-08,456.04,461.4,459.04,459.82,5949.3,2726696.77
2016-05-09,457.8,465.4,458.4,461.86,14895.39,6882416.19
2016-05-10,445.01,465.0,461.99,448.99,22262.51,10094223.06
2016-05-11,450.01,454.68,451.84,452.23,7849.94,3552319.62
2016-05-12,445.91,456.75,451.67,454.01,17358.19,7821370.98
2016-05-13,452.0,457.5,455.1,456.24,6676.81,3039656.8
2016-05-14,454.0,458.86,456.25,455.68,3580.69,1632407.75
2016-05-15,454.31,460.67,455.79,457.97,5628.8,2578306.75
2016-05-16,451.0,458.95,457.77,454.47,8507.23,3872479.06
2016-05-17,451.0,454.91,453.02,452.45,7322.54,3318792.3
2016-05-18,451.53,457.0,452.59,453.58,6969.54,3169577.42
2016-05-19,440.0,454.71,453.94,440.33,23732.52,10585275.39
2016-05-20,435.54,443.14,436.23,439.76,13016.7,5731347.42
2016-05-21,435.3,442.16,442.11,440.82,6078.55,2671658.98
2016-05-22,435.1,441.0,440.65,437.39,7139.87,3126573.96
2016-05-23,436.51,443.0,437.78,442.97,7368.32,3249361.06
2016-05-24,442.39,447.85,443.24,445.14,8252.8,3676492.59
2016-05-25,442.5,450.51,445.84,448.27,12229.97,5477044.84
2016-05-26,446.01,454.8,448.85,453.63,9358.74,4227822.23
2016-05-27,453.97,482.31,453.99,473.94,58370.03,27468050.25
2016-05-28,472.99,543.0,472.99,531.74,72380.77,36699632.31
2016-05-29,512.11,570.0,527.0,527.11,80262.03,42845833.84
2016-05-30,521.11,548.49,531.05,535.12,31871.94,17132149.18
2016-05-31,518.0,546.5,535.66,530.3,49191.11,26191720.29
2016-06-01,523.75,546.12,531.04,540.4,27090.06,14548295.83
2016-06-02,532.37,544.0,536.02,539.0,16553.49,8882891.29
2016-06-03,535.65,579.94,539.52,569.1,48128.53,27063957.65
2016-06-04,560.1,593.89,570.0,572.58,38733.45,22296269.63
2016-06-05,564.64,586.47,573.74,574.74,28015.92,16143123.36
2016-06-06,574.0,588.6,575.28,585.24,27005.51,15746050.21
2016-06-07,561.3,592.08,585.95,577.0,35765.92,20679562.05
2016-06-08,570.62,585.15,576.6,582.82,17811.22,10297873.68
2016-06-09,569.97,581.56,578.23,577.31,19547.6,11260865.04
2016-06-10,572.5,582.43,576.3,580.0,15946.0,9211740.0
2016-06-11,579.99,599.8,581.2,597.18,18941.71,11138886.97
2016-06-12,607.32,685.0,611.28,668.67,109696.25,70938943.93
2016-06-13,658.0,719.0,666.39,702.68,115394.55,79644154.53
2016-06-14,656.51,700.21,700.21,686.08,64703.14,44094266.51
2016-06-15,667.89,699.4,681.28,694.49,33429.88,22915622.64
2016-06-16,702.02,779.0,713.99,767.5,115212.0,85472774.28
2016-06-17,702.01,780.0,772.14,747.58,95826.67,71093173.39
2016-06-18,720.0,789.78,748.0,758.11,66005.67,49955978.03
2016-06-19,739.0,775.0,755.86,766.64,25657.59,19448009.07
2016-06-20,721.0,767.77,763.45,743.9,45931.94,34208086.84
2016-06-21,635.37,717.0,694.06,676.33,97243.23,65094682.63
2016-06-22,594.5,688.32,673.2,596.04,93956.35,60098092.08
2016-06-23,555.56,639.0,595.88,628.03,120626.5,71505117.42
2016-06-24,627.5,679.99,627.5,660.58,89754.7,58935978.68
2016-06-25,640.11,698.0,665.63,665.47,54216.54,36456709.88
2016-06-26,614.33,667.2,665.06,627.0,44341.4,28111340.01
2016-06-27,616.07,655.14,623.0,648.5,42126.36,26981271.42
2016-06-28,631.65,662.49,660.98,646.48,33367.82,21613426.3
2016-06-29,621.58,646.0,644.98,639.65,31384.16,19898320.29
2016-06-30,635.57,677.0,641.85,673.9,38098.81,25253376.68
2016-07-01,668.0,690.62,669.5,676.32,40589.02,27490646.94
2016-07-02,675.0,706.0,675.83,702.48,28444.01,19697052.1
2016-07-03,644.1,704.2,702.46,664.58,42485.79,28484236.46
2016-07-04,644.46,679.8,659.93,678.85,21492.66,14350512.47
2016-07-05,655.3,681.99,680.07,664.63,17032.78,11424041.62
2016-07-06,666.71,682.9,669.65,676.05,15672.74,10577227.46
2016-07-07,610.1,682.0,677.01,639.07,75371.49,47917645.14
2016-07-08,633.75,666.51,640.57,665.19,31056.75,20175177.23
2016-07-09,620.0,664.0,661.18,650.95,45457.11,29339084.44
2016-07-10,636.09,651.47,647.02,650.59,9963.42,6433351.46
2016-07-11,643.4,662.6,650.59,649.19,13982.11,9117961.28
2016-07-12,645.45,679.9,648.83,675.5,28710.01,19111887.49
2016-07-13,655.0,669.87,667.31,663.0,14876.96,9859514.35
2016-07-14,649.89,667.5,656.64,661.13,18601.07,12251824.47
2016-07-15,658.11,669.95,660.6,666.07,9168.26,6097859.44
2016-07-16,659.12,669.65,667.49,664.97,5740.24,3813124.89
2016-07-17,663.61,689.96,664.41,680.37,19465.55,13189216.83
2016-07-18,666.02,686.74,683.99,674.19,17486.99,11839820.79
2016-07-19,665.0,676.51,673.19,674.93,10466.13,7027149.75
2016-07-20,661.0,676.0,675.08,667.22,12698.37,8480645.47
2016-07-21,654.97,668.0,665.6,664.99,10439.11,6919560.65
2016-07-22,639.41,668.0,663.65,646.72,27214.26,17801853.36
2016-07-23,644.97,657.13,649.29,655.51,9677.52,6310166.53
2016-07-24,650.52,664.15,655.77,661.58,13943.74,9167017.68
2016-07-25,646.22,663.7,663.6,653.0,14312.56,9365630.22
2016-07-26,640.56,657.61,653.28,653.35,19273.14,12521391.5
2016-07-27,648.35,662.78,653.35,655.5,5876.5,3862181.0
2016-07-28,652.52,659.67,656.93,655.51,8752.85,5745680.12
2016-07-29,654.54,660.49,656.44,658.99,9155.85,6016110.34
2016-07-30,647.79,660.46,659.79,654.93,8028.43,5260336.84
2016-07-31,622.01,655.17,653.9,622.02,31660.33,20060514.24
2016-08-01,605.01,627.35,623.54,607.52,29820.77,18417513.07
2016-08-02,595.0,615.29,611.38,604.1,31896.87,19271472.8
2016-08-03,604.1,604.1,604.1,604.1,0.0,0.0
2016-08-04,604.1,604.1,604.1,604.1,0.0,0.0
2016-08-05,604.1,604.1,604.1,604.1,0.0,0.0
2016-08-06,604.1,604.1,604.1,604.1,0.0,0.0
2016-08-07,604.1,604.1,604.1,604.1,0.0,0.0
2016-08-08,604.1,604.1,604.1,604.1,0.0,0.0
2016-08-09,604.1,604.1,604.1,604.1,0.0,0.0
2016-08-10,584.8,609.29,609.0,588.49,9743.51,5792823.93
2016-08-11,584.59,599.75,590.07,591.37,15023.46,8916603.18
2016-08-12,584.0,593.0,591.91,584.5,5878.13,3461025.02
2016-08-13,582.0,590.02,585.6,583.2,6374.98,3733188.93
2016-08-14,564.0,583.75,582.18,568.8,7404.58,4246194.99
2016-08-15,562.99,575.75,569.95,565.75,7284.43,4138951.39
2016-08-16,564.0,579.0,566.47,576.0,6107.51,3498815.89
2016-08-17,569.0,578.5,574.51,571.2,4997.27,2868265.41
2016-08-18,569.71,578.75,571.81,572.32,5919.7,3401150.57
2016-08-19,570.82,577.25,572.15,573.06,2848.16,1635146.13
2016-08-20,571.25,582.75,573.68,582.67,3156.1,1823996.51
2016-08-21,580.0,584.27,580.91,580.42,2375.32,1383542.16
2016-08-22,581.28,589.99,581.91,588.79,4544.54,2663669.55
2016-08-23,581.1,590.69,587.61,584.34,4760.5,2784483.47
2016-08-24,580.0,586.91,583.47,580.32,4942.67,2879722.57
2016-08-25,574.01,581.14,580.76,577.24,3552.36,2046292.32
2016-08-26,575.06,579.51,577.24,578.01,1763.77,1018764.73
2016-08-27,567.23,578.99,578.07,568.5,2241.06,1281486.51
2016-08-28,568.18,574.54,569.45,574.09,1471.98,842026.64
2016-08-29,573.01,578.1,575.98,574.8,2573.34,1480648.07
2016-08-30,574.07,580.28,574.77,578.98,3137.33,1814323.79
2016-08-31,572.02,579.26,578.99,574.57,3400.03,1956605.68
2016-09-01,571.43,577.98,577.14,572.1,3547.78,2035075.25
2016-09-02,570.61,580.99,571.76,580.56,5371.03,3096370.31
2016-09-03,576.04,615.0,580.56,608.25,8429.84,5019581.16
2016-09-04,601.83,618.65,608.07,615.19,4858.83,2974229.78
2016-09-05,603.84,615.68,611.73,612.67,4818.45,2940458.32
2016-09-06,609.7,617.53,611.91,614.65,3022.63,1853464.2
2016-09-07,610.83,620.0,615.49,618.7,5348.89,3295847.17
2016-09-08,617.12,636.16,619.19,630.69,7771.45,4882669.51
2016-09-09,621.24,632.35,631.99,625.26,4121.77,2576595.59
2016-09-10,624.68,629.65,626.27,628.5,3992.36,2504761.33
2016-09-11,595.36,635.0,626.37,610.51,9325.38,5738885.3
2016-09-12,608.01,615.21,611.52,611.11,4758.74,2909272.01
2016-09-13,610.0,640.0,611.8,613.91,7223.37,4441138.96
2016-09-14,612.01,617.38,614.27,613.89,5881.04,3615554.58
2016-09-15,611.0,617.93,613.89,611.83,4360.93,2677303.9
2016-09-16,609.54,614.22,611.83,610.02,3693.46,2258446.0
2016-09-17,604.96,610.75,610.01,607.82,3561.09,2162509.03
2016-09-18,607.18,616.34,608.05,614.41,2828.34,1732244.35
2016-09-19,608.6,615.05,612.69,609.76,2887.39,1764443.34
2016-09-20,607.36,612.01,610.0,610.82,2680.79,1634879.32
2016-09-21,595.01,600.05,598.05,597.76,5794.06,3462413.3
2016-09-22,595.92,598.7,597.39,596.77,2320.23,1385943.0
2016-09-23,595.95,603.99,595.95,603.28,1922.74,1153594.16
2016-09-24,601.0,606.0,603.29,602.81,865.29,522198.19
2016-09-25,597.3,603.99,602.81,600.34,1453.45,872825.73
2016-09-26,599.86,610.1,600.34,609.18,3115.76,1889910.68
2016-09-27,602.01,609.91,609.53,605.0,3127.02,1895096.2
2016-09-28,603.07,605.77,605.64,603.9,1981.11,1197360.51
2016-09-29,603.04,607.96,604.08,604.31,3090.68,1871126.21
2016-09-30,603.99,613.27,605.04,611.0,2281.25,1384304.6
2016-10-01,611.44,616.87,613.72,614.08,1808.97,1111289.51
2016-10-02,575.0,614.21,614.08,610.03,4925.22,2957626.96
2016-10-03,608.91,618.0,610.03,612.43,3241.03,1985588.51
2016-10-04,609.63,614.11,612.43,610.66,4037.22,2468800.1
2016-10-05,610.0,617.28,611.0,614.05,3344.48,2053376.86
2016-10-06,612.68,615.9,614.05,613.55,3058.79,1878579.12
2016-10-07,613.0,621.71,613.55,618.82,4659.59,2879956.79
2016-10-08,617.91,622.87,620.28,620.76,2957.51,1834402.04
2016-10-09,614.01,620.91,620.76,616.56,2751.84,1699080.19
2016-10-10,615.91,620.0,616.54,618.81,2690.0,1662714.52
2016-10-11,618.06,646.86,619.24,643.66,11878.96,7542981.98
2016-10-12,636.91,644.07,643.17,638.03,3737.84,2394193.22
2016-10-13,636.38,644.29,637.17,637.46,4933.41,3157081.63
2016-10-14,636.72,645.4,637.46,641.35,6517.37,4181094.78
2016-10-15,637.91,645.69,643.37,639.6,2173.49,1394439.94
2016-10-16,639.82,645.8,640.44,644.12,2335.28,1503872.93
2016-10-17,637.58,644.5,644.5,639.94,4892.75,3133729.61
2016-10-18,632.93,641.98,639.94,639.33,6001.81,3830126.91
2016-10-19,627.84,644.0,639.33,631.32,9011.42,5722802.18
2016-10-20,628.0,633.61,630.88,632.57,3260.67,2057690.55
2016-10-21,632.3,639.0,632.39,636.15,7104.2,4519102.75
2016-10-22,635.06,672.2,635.91,662.86,9962.25,6547462.57
2016-10-23,656.04,670.88,670.7,657.27,5326.15,3524901.53
2016-10-24,654.01,659.41,658.0,655.03,5642.4,3700418.96
2016-10-25,652.6,670.0,654.64,656.14,5027.14,3319347.54
2016-10-26,659.32,685.84,659.32,678.03,11463.18,7713750.03
2016-10-27,676.69,690.92,678.7,686.0,12640.25,8653445.54
2016-10-28,681.08,695.34,686.0,692.76,10135.92,6988256.81
2016-10-29,692.29,724.0,692.92,719.88,14617.19,10379135.59
2016-10-30,696.96,716.66,706.03,701.74,11138.49,7872202.15
2016-10-31,687.6,709.0,701.74,701.9,8616.83,6037646.6
2016-11-01,701.39,746.55,701.6,734.15,22228.83,16244648.75
2016-11-02,723.59,739.95,731.41,737.89,8390.26,6133423.06
2016-11-03,676.0,753.65,747.18,690.07,26985.78,19474723.44
2016-11-04,687.01,710.9,696.91,708.44,13970.17,9788092.9
2016-11-05,700.82,713.88,706.83,708.39,5932.25,4199214.57
2016-11-06,700.01,721.61,709.23,713.01,6925.85,4932171.51
2016-11-07,700.02,712.71,712.71,707.84,3657.44,2581469.17
2016-11-08,703.0,717.99,704.78,714.01,9071.32,6460637.84
2016-11-09,708.5,743.06,714.01,723.85,15725.93,11469224.85
2016-11-10,709.13,725.0,724.39,714.87,4350.98,3112144.34
2016-11-11,712.03,719.37,714.87,714.8,4581.9,3278768.94
2016-11-12,700.1,716.99,714.8,703.8,6192.79,4382945.13
2016-11-13,687.6,706.47,703.4,703.97,8611.97,5994772.12
2016-11-14,698.76,709.91,703.97,705.01,5859.33,4121433.86
2016-11-15,705.01,720.05,705.01,712.18,7967.45,5689605.52
2016-11-16,710.0,747.49,711.02,744.98,17513.11,12831301.18
2016-11-17,735.0,763.85,746.3,739.99,14378.61,10760816.71
2016-11-18,734.5,759.89,738.46,751.34,6569.83,4921510.26
2016-11-19,740.0,759.99,753.97,753.38,5614.24,4217587.41
2016-11-20,711.16,757.0,752.04,729.79,13885.32,10181087.49
2016-11-21,728.08,740.6,729.99,738.78,7035.6,5178002.71
2016-11-22,733.25,753.91,739.0,747.96,9448.73,7030683.66
2016-11-23,730.79,750.4,750.4,740.0,5522.58,4091687.43
2016-11-24,727.61,744.32,742.4,737.33,5998.68,4414149.43
2016-11-25,730.0,741.12,736.62,740.42,3868.18,2838940.68
2016-11-26,720.0,741.12,740.42,731.99,4569.84,3341647.32
2016-11-27,722.51,736.19,731.26,722.83,3346.96,2442728.77
2016-11-28,725.68,734.99,725.76,731.74,4119.76,3012659.82
2016-11-29,728.68,734.89,731.99,730.66,5589.42,4091589.55
2016-11-30,728.98,743.14,730.72,740.0,5415.17,3995889.49
2016-12-01,739.2,756.0,740.0,754.49,13284.58,9966197.7
2016-12-02,755.37,779.21,755.43,774.01,13117.28,10098599.97
2016-12-03,755.98,774.6,774.6,764.41,5615.49,4295061.63
2016-12-04,758.82,769.99,764.27,767.85,3985.15,3045714.4
2016-12-05,744.59,768.97,767.84,752.55,9868.74,7432119.1
2016-12-06,750.88,758.5,752.51,756.81,5242.79,3960046.65
2016-12-07,746.16,774.92,756.97,767.4,10417.69,7965566.12
2016-12-08,762.66,773.2,765.01,768.08,4629.65,3555555.05
2016-12-09,765.0,772.72,767.2,770.5,3552.53,2732458.36
2016-12-10,770.03,777.77,770.03,773.35,2961.21,2291986.43
2016-12-11,761.84,773.71,773.71,768.32,3626.83,2779261.55
2016-12-12,770.21,785.0,770.21,778.0,6648.83,5169955.74
2016-12-13,762.89,788.87,778.0,779.63,5494.92,4275048.88
2016-12-14,771.15,781.16,776.16,774.5,3555.55,2763541.43
2016-12-15,775.08,780.12,775.08,777.31,3091.04,2404366.75
2016-12-16,775.85,785.06,777.79,784.08,4557.82,3563603.38
2016-12-17,782.93,793.0,784.47,790.99,5598.39,4418937.47
2016-12-18,784.36,792.8,790.99,790.32,2080.48,1641743.23
2016-12-19,787.75,792.27,790.13,791.07,1971.55,1557918.92
2016-12-20,787.86,802.0,790.67,801.42,6089.73,4831047.02
2016-12-21,796.27,828.69,796.27,825.99,13546.39,11058236.97
2016-12-22,828.35,874.0,830.0,860.02,14034.74,12023333.04
2016-12-23,859.09,920.0,859.19,914.36,23867.29,21424037.76
2016-12-24,882.53,919.99,919.5,893.02,6807.15,6141697.35
2016-12-25,858.62,904.55,893.67,899.15,11292.61,9919489.48
2016-12-26,894.21,920.0,903.53,907.71,10835.49,9827247.08
2016-12-27,903.51,940.0,905.68,929.87,8627.88,8007783.28
2016-12-28,940.0,983.0,943.14,982.99,18747.03,17988450.26
2016-12-29,945.0,983.0,977.41,976.5,19891.9,19266878.36
2016-12-30,929.5,971.0,970.0,960.04,17451.89,16597068.3
2016-12-31,945.01,967.99,960.25,965.06,6507.53,6221828.54
2017-01-01,961.26,1006.5,965.03,1000.0,12067.43,11936275.58
2017-01-02,994.1,1035.0,998.01,1020.0,19162.22,19527038.58
2017-01-03,1013.5,1038.7,1020.7,1038.6,11933.65,12223004.43
2017-01-04,1036.4,1150.0,1038.9,1137.3,48895.2,53619868.88
2017-01-05,851.0,1166.0,1128.8,988.1,69349.58,70871745.44
2017-01-06,871.0,1025.0,1003.9,892.72,49640.17,45814192.85
2017-01-07,815.0,911.09,896.9,899.87,30463.8,26423271.54
2017-01-08,890.0,943.6,905.2,907.19,23992.48,22020064.38
2017-01-09,875.0,914.9,914.78,906.25,13765.25,12321576.78
2017-01-10,895.48,918.0,902.01,909.51,9652.63,8766481.46
2017-01-11,760.0,923.66,908.89,786.44,44820.92,36951421.76
2017-01-12,740.2,831.18,748.34,814.8,24502.69,19261550.83
2017-01-13,775.61,832.39,814.8,825.89,23023.94,18592012.31
2017-01-14,800.03,838.54,833.37,816.63,9547.12,7861314.23
2017-01-15,805.03,822.98,820.02,821.15,4417.07,3598559.21
2017-01-16,813.94,837.89,820.3,829.47,6079.14,5024260.93
2017-01-17,828.0,910.8,830.98,904.1,21795.91,19180739.03
2017-01-18,847.23,913.85,906.4,876.5,16596.61,14598995.22
2017-01-19,883.55,910.03,892.49,899.97,11342.3,10162566.97
2017-01-20,883.06,904.85,901.7,893.51,7669.49,6875233.15
2017-01-21,893.89,931.01,894.47,924.28,9754.04,8961827.67
2017-01-22,892.0,939.8,925.7,917.12,14843.05,13624445.01
2017-01-23,910.01,928.82,924.07,919.0,7671.57,7056920.61
2017-01-24,887.5,927.34,894.29,892.11,13892.71,12551703.45
2017-01-25,884.2,899.61,887.66,893.19,8709.61,7768262.04
2017-01-26,893.49,917.64,898.21,915.98,6675.93,6059441.02
2017-01-27,905.05,922.16,916.01,916.37,7567.15,6929366.59
2017-01-28,915.01,923.99,916.37,919.14,3040.76,2795500.51
2017-01-29,910.72,922.99,919.53,912.99,2252.86,2066392.58
2017-01-30,910.01,920.87,911.01,919.11,2671.63,2451141.67
2017-01-31,916.93,969.4,917.3,968.42,14406.69,13686424.05
2017-02-01,960.1,985.0,966.19,984.01,9400.31,9123887.74
2017-02-02,970.1,1010.5,985.97,1006.5,13657.81,13574833.24
2017-02-03,986.11,1020.5,1005.7,1013.0,14772.11,14909121.69
2017-02-04,1001.6,1040.0,1018.8,1031.8,10742.86,10996257.41
2017-02-05,995.1,1033.0,1030.1,1010.0,9699.74,9839573.86
2017-02-06,1007.5,1026.3,1007.5,1023.0,7042.02,7179731.27
2017-02-07,1021.7,1055.0,1022.3,1053.6,10798.44,11266504.53
2017-02-08,1007.1,1068.2,1056.4,1055.0,17941.52,18758915.89
2017-02-09,936.34,1078.0,1053.4,980.0,42868.34,42679181.37
2017-02-10,949.36,1002.0,988.0,994.79,17979.64,17500537.07
2017-02-11,984.01,1009.0,993.5,1002.8,7451.37,7455668.53
2017-02-12,992.33,1005.4,1000.5,996.01,3480.13,3472392.39
2017-02-13,974.22,1004.7,996.46,995.69,7339.07,7264029.42
2017-02-14,988.6,1019.0,996.83,1013.1,9476.04,9550601.55
2017-02-15,1002.3,1018.2,1013.8,1013.9,4036.46,4080423.01
2017-02-16,1013.9,1045.8,1013.9,1038.5,8707.86,8988965.55
2017-02-17,1033.2,1067.4,1038.5,1056.2,11115.68,11691304.5
2017-02-18,1053.1,1071.1,1056.2,1059.8,5505.34,5858277.52
2017-02-19,1045.0,1066.0,1059.8,1056.2,4765.98,5030002.75
2017-02-20,1040.1,1110.0,1056.2,1091.2,7640.54,8176376.26
2017-02-21,1085.0,1134.0,1091.2,1129.6,18565.39,20601253.56
2017-02-22,1106.4,1140.0,1129.6,1125.5,9807.18,11026375.97
2017-02-23,1116.5,1197.0,1125.5,1189.8,19114.57,22159225.71
2017-02-24,1110.0,1222.4,1189.8,1185.4,32348.11,38169142.89
2017-02-25,1131.3,1189.9,1185.4,1153.0,12540.19,14486484.76
2017-02-26,1130.7,1186.1,1153.0,1178.3,8531.3,9938097.01
2017-02-27,1170.0,1204.0,1178.3,1195.5,8751.5,10391542.37
2017-02-28,1176.6,1216.0,1195.5,1189.1,13608.74,16251499.88
2017-03-01,1186.0,1236.4,1189.1,1233.2,16589.62,20165589.45
2017-03-02,1212.0,1285.9,1233.2,1258.0,21274.82,26536494.73
2017-03-03,1256.2,1294.9,1258.0,1289.2,16223.73,20748814.46
2017-03-04,1240.0,1291.9,1289.2,1267.8,11156.61,14131545.81
2017-03-05,1245.0,1279.9,1267.8,1278.4,6711.15,8495853.37
2017-03-06,1268.0,1287.8,1278.4,1279.2,7875.3,10069995.03
2017-03-07,1185.0,1282.0,1279.2,1232.4,28634.69,35444302.78
2017-03-08,1142.2,1243.6,1232.4,1150.0,34649.53,41164704.13
2017-03-09,1136.0,1207.6,1150.0,1190.4,19542.81,22985798.25
2017-03-10,958.5,1338.7,1190.4,1115.4,56612.42,66675093.83
2017-03-11,1101.2,1196.6,1115.4,1172.4,23699.4,27539084.24
2017-03-12,1166.8,1232.7,1172.4,1224.4,13629.31,16371340.63
2017-03-13,1206.7,1247.3,1224.4,1238.5,17282.94,21246366.91
2017-03-14,1218.9,1258.8,1238.5,1245.0,13549.92,16837507.4
2017-03-15,1241.0,1263.9,1245.0,1256.1,14153.19,17720357.95
2017-03-16,1132.5,1259.7,1256.1,1168.6,51338.7,61493975.27
2017-03-17,1065.0,1169.8,1168.6,1070.4,59061.2,66236411.01
2017-03-18,935.11,1097.9,1070.4,971.5,87255.4,87475913.86
2017-03-19,969.4,1059.0,971.5,1016.5,40435.31,40991432.89
2017-03-20,1011.0,1054.2,1016.5,1040.5,20484.88,21212069.7
2017-03-21,1039.0,1122.3,1040.5,1115.9,33381.35,36344220.97
2017-03-22,985.55,1116.0,1115.9,1039.1,41239.79,42990868.14
2017-03-23,1018.0,1055.0,1039.1,1032.7,19283.92,20037335.53
2017-03-24,928.0,1034.6,1032.7,942.13,43350.36,42338719.65
2017-03-25,888.2,981.0,942.13,972.17,45924.28,42792746.73
2017-03-26,950.1,1006.0,972.17,968.9,33195.11,32316600.16
2017-03-27,960.1,1046.9,968.9,1042.7,31886.1,32244772.04
2017-03-28,1016.2,1068.9,1042.7,1044.7,25220.46,26313485.18
2017-03-29,1008.5,1059.0,1044.7,1041.8,22301.89,23084270.85
2017-03-30,1021.2,1053.5,1041.8,1041.2,24746.81,25605061.88
2017-03-31,1035.0,1089.4,1041.2,1081.5,27459.61,29174843.35
2017-04-01,1070.0,1106.9,1081.5,1093.5,16953.81,18440048.86
2017-04-02,1080.9,1118.2,1093.5,1107.5,20369.3,22435521.05
2017-04-03,1107.5,1159.9,1107.5,1150.1,30302.45,34513229.49
2017-04-04,1124.0,1165.6,1150.1,1145.8,21145.77,24188739.21
2017-04-05,1111.2,1146.7,1145.8,1140.4,22510.11,25406760.05
2017-04-06,1140.3,1206.4,1140.4,1191.5,31794.65,37339324.84
2017-04-07,1176.7,1209.0,1191.5,1196.6,20433.2,24400444.04
2017-04-08,1171.0,1202.9,1196.6,1188.1,10989.02,13067156.74
2017-04-09,1179.4,1226.9,1188.1,1215.9,16309.01,19667411.36
2017-04-10,1208.0,1229.9,1215.9,1220.3,11517.74,14035299.26
2017-04-11,1209.1,1244.7,1220.3,1235.6,9545.31,11720426.44
2017-04-12,1221.0,1244.3,1235.6,1227.4,11999.5,14759175.55
2017-04-13,1163.3,1235.3,1227.4,1187.0,19110.96,22817952.66
2017-04-14,1184.0,1219.2,1187.0,1206.8,12297.2,14810285.97
2017-04-15,1190.0,1215.0,1206.8,1193.3,9138.41,11015585.81
2017-04-16,1190.1,1217.6,1193.3,1212.0,4499.8,5433654.57
2017-04-17,1202.0,1247.0,1212.0,1240.0,15141.77,18622067.58
2017-04-18,1237.0,1274.8,1240.0,1265.4,16097.61,20275874.84
2017-04-19,1254.3,1272.0,1265.4,1260.5,7583.27,9579217.64
2017-04-20,1259.9,1326.9,1260.5,1308.5,15456.63,19984616.58
2017-04-21,1307.0,1333.1,1308.5,1327.1,7956.95,10505552.47
2017-04-22,1290.0,1354.9,1327.1,1346.4,12356.73,16346753.0
2017-04-23,1336.0,1359.0,1346.4,1355.2,7736.11,10409002.74
2017-04-24,1325.0,1359.6,1355.2,1345.0,7911.37,10609092.33
2017-04-25,1342.1,1378.5,1345.0,1371.1,8266.18,11238296.76
2017-04-26,1362.3,1411.7,1371.1,1400.0,11690.18,16251969.47
2017-04-27,1392.5,1449.7,1400.0,1440.3,10387.16,14759655.17
2017-04-28,1366.0,1447.0,1440.3,1415.6,13986.09,19644622.65
2017-04-29,1400.1,1439.5,1415.6,1423.6,8763.05,12431449.26
2017-04-30,1400.1,1443.7,1423.6,1435.0,8510.98,12101098.5
2017-05-01,1432.0,1560.0,1435.0,1533.0,22279.94,33375127.11
2017-05-02,1473.0,1604.6,1533.0,1558.5,16659.38,25884018.09
2017-05-03,1541.9,1627.0,1558.5,1619.0,17056.26,26980775.65
2017-05-04,1519.0,1702.0,1619.0,1607.1,31378.22,50799377.35
2017-05-05,1505.0,1665.9,1607.1,1545.1,32597.91,51871512.19
2017-05-06,1540.1,1605.1,1545.1,1597.0,13997.28,22074695.27
2017-05-07,1575.1,1632.5,1597.0,1619.9,13865.14,22162927.54
2017-05-08,1618.9,1715.0,1619.9,1703.5,19871.59,33262962.36
2017-05-09,1695.1,1815.0,1703.5,1760.0,31178.26,54756178.46
2017-05-10,1722.3,1817.4,1760.0,1796.9,18588.64,32949846.13
2017-05-11,1763.6,1908.1,1796.9,1853.9,24302.32,45068615.33
2017-05-12,1700.2,1864.8,1853.9,1735.0,21271.8,37990316.93
2017-05-13,1666.0,1825.0,1735.0,1819.5,16510.67,28681202.38
2017-05-14,1775.2,1852.4,1819.5,1827.3,11318.56,20586472.38
2017-05-15,1719.0,1830.4,1827.3,1772.0,15716.65,27693607.32
2017-05-16,1728.0,1795.1,1772.0,1786.2,9817.99,17346187.37
2017-05-17,1766.3,1894.0,1786.2,1870.0,15858.08,29297180.18
2017-05-18,1861.0,1954.6,1870.0,1941.5,12882.35,24536188.7
2017-05-19,1925.0,2000.0,1941.5,1966.5,22976.27,45110082.63
2017-05-20,1962.9,2072.2,1966.5,2059.3,21664.61,43456944.32
2017-05-21,2000.1,2099.1,2059.3,2026.6,17183.56,35166623.04
2017-05-22,1978.0,2222.2,2026.6,2087.3,57087.49,121940867.43
2017-05-23,2060.0,2264.2,2087.3,2249.6,22490.66,49090411.42
2017-05-24,2246.1,2444.9,2249.6,2395.5,29488.9,69164293.42
2017-05-25,2141.1,2690.0,2395.5,2268.1,55066.65,134699209.58
2017-05-26,2007.0,2477.0,2268.1,2125.9,39589.38,89238004.69
2017-05-27,1810.0,2210.8,2125.9,1980.2,46977.32,92267027.05
2017-05-28,1950.0,2194.4,1980.2,2056.9,25725.32,53060925.48
2017-05-29,1990.0,2249.8,2056.9,2207.4,16447.94,35279361.31
2017-05-30,2080.1,2265.0,2207.4,2146.7,21397.71,46720034.03
2017-05-31,2000.0,2241.0,2146.7,2191.83,21188.95,45320695.64
2017-06-01,2187.3,2368.2,2191.83,2312.0,18938.92,43379108.76
2017-06-02,2262.8,2408.0,2312.0,2405.9,12520.42,29204914.55
2017-06-03,2347.6,2481.2,2405.9,2461.0,10732.24,26001174.91
2017-06-04,2365.0,2498.0,2461.0,2488.2,11832.73,28995793.57
2017-06-05,2480.0,2649.5,2488.2,2636.9,15369.56,39246152.92
2017-06-06,2620.0,2899.7,2636.9,2844.6,42628.89,118717043.02
2017-06-07,2600.1,2850.0,2844.6,2644.0,22050.98,60330076.07
2017-06-08,2527.0,2789.5,2644.0,2781.5,16924.65,45639701.26
2017-06-09,2763.9,2849.8,2781.5,2809.0,9494.04,26702274.88
2017-06-10,2711.1,2890.5,2809.0,2806.0,16126.08,45562093.73
2017-06-11,2793.4,3003.0,2806.0,2941.8,18980.55,54954570.92
2017-06-12,2284.4,2962.2,2941.8,2569.6,48257.14,126451791.74
2017-06-13,2528.1,2730.0,2569.6,2677.1,23124.31,61324391.04
2017-06-14,2280.0,2722.42,2677.1,2394.3,34620.23,86803512.1
2017-06-15,2046.0,2455.0,2394.3,2377.5,55738.49,125760671.73
2017-06-16,2257.8,2487.0,2377.5,2437.5,22346.98,53476135.5
2017-06-17,2368.1,2636.9,2437.5,2610.1,16601.01,42015797.77
2017-06-18,2420.0,2640.0,2610.1,2491.4,19960.19,50499863.25
2017-06-19,2480.0,2593.9,2491.4,2582.0,13698.93,34819054.15
2017-06-20,2568.2,2780.0,2582.0,2715.3,20362.96,54709113.3
2017-06-21,2572.3,2760.0,2715.3,2624.4,24496.32,65430744.79
2017-06-22,2554.8,2709.0,2624.4,2672.8,15146.45,40077838.0
2017-06-23,2652.0,2726.0,2672.8,2674.9,8126.1,21864850.07
2017-06-24,2452.87,2700.0,2674.9,2502.6,16740.55,43047591.02
2017-06-25,2368.3,2595.0,2502.6,2483.3,18107.65,44957049.54
2017-06-26,2258.7,2510.4,2483.3,2393.6,36206.56,85985427.82
2017-06-27,2207.8,2524.0,2393.6,2521.2,33419.14,78678963.04
2017-06-28,2403.2,2566.8,2521.2,2518.2,21810.07,54170917.75
2017-06-29,2424.0,2537.8,2518.2,2472.4,12942.98,32230410.38
2017-06-30,2404.0,2511.1,2472.4,2420.6,10388.17,25634710.44
2017-07-01,2291.0,2441.0,2420.6,2346.2,15052.06,35604857.07
2017-07-02,2302.0,2476.3,2346.2,2445.1,12019.8,28621662.22
2017-07-03,2416.2,2587.4,2445.1,2524.0,16084.42,40442618.8
2017-07-04,2511.0,2628.6,2524.0,2579.9,15727.92,40513200.27
2017-07-05,2477.9,2618.4,2579.9,2598.6,13512.94,34467267.36
2017-07-06,2546.0,2607.1,2598.6,2593.2,9808.57,25289999.3
2017-07-07,2447.0,2598.8,2593.2,2479.3,17667.53,44219690.2
2017-07-08,2436.1,2542.6,2479.3,2542.0,9684.82,24048730.84
2017-07-09,2470.8,2555.7,2542.0,2477.9,7769.32,19575449.5
2017-07-10,2236.6,2499.9,2477.9,2318.3,28034.91,66540407.9
2017-07-11,2182.0,2375.0,2318.3,2283.8,32962.41,75687918.75
2017-07-12,2190.0,2397.0,2283.8,2375.6,21636.43,50076595.45
2017-07-13,2293.1,2400.0,2375.6,2330.1,18394.72,43028405.72
2017-07-14,2138.0,2345.6,2330.1,2206.5,27714.62,61806442.77
2017-07-15,1975.1,2210.1,2206.5,1978.6,41683.1,85778856.87
2017-07-16,1826.2,2051.1,1978.6,1925.0,52954.38,101888956.04
2017-07-17,1923.2,2223.5,1925.0,2220.0,40398.35,83697122.62
2017-07-18,2139.0,2380.2,2220.0,2302.8,44067.62,100468765.49
2017-07-19,2213.9,2400.0,2302.8,2253.4,35608.13,82150377.33
2017-07-20,2253.3,2900.0,2253.4,2865.1,82107.13,213457419.38
2017-07-21,2615.0,2890.0,2865.1,2659.0,57314.78,156315657.98
2017-07-22,2642.8,2917.0,2659.0,2844.7,35105.01,98772876.43
2017-07-23,2655.0,2877.5,2844.7,2750.1,35037.02,97155480.48
2017-07-24,2707.1,2812.0,2750.1,2769.7,20635.15,56921323.09
2017-07-25,2417.0,2790.1,2769.7,2560.9,55948.01,144826119.23
2017-07-26,2404.0,2612.0,2560.9,2527.74,34095.72,84863270.68
2017-07-27,2511.0,2682.2,2527.74,2664.6,31295.23,80977858.97
2017-07-28,2655.5,2820.0,2664.6,2784.8,40461.76,110994811.62
2017-07-29,2662.0,2794.2,2784.8,2713.1,24013.92,65291917.49
2017-07-30,2582.9,2760.0,2713.1,2748.2,34870.2,93675995.23
2017-07-31,2694.4,2883.5,2748.2,2854.3,27534.91,76572323.07
2017-08-01,2604.0,2902.2,2854.3,2731.3,42218.7,116073025.92
2017-08-02,2610.0,2758.0,2731.3,2702.0,23688.29,64102816.45
2017-08-03,2698.0,2820.0,2702.0,2790.3,16773.53,46230051.29
2017-08-04,2762.1,2876.0,2790.3,2860.0,18909.44,53557929.46
2017-08-05,2853.3,3339.5,2860.0,3252.3,50437.82,159197332.19
2017-08-06,3155.8,3315.5,3252.3,3232.1,16918.06,54834443.94
2017-08-07,3190.0,3440.0,3232.1,3396.0,24469.93,81595403.28
2017-08-08,3340.0,3483.8,3396.0,3415.0,31626.45,108062486.54
2017-08-09,3235.1,3430.0,3415.0,3340.4,26188.17,87253346.06
2017-08-10,3310.0,3447.0,3340.4,3405.0,19082.0,64821114.81
2017-08-11,3380.0,3695.0,3405.0,3643.4,26343.39,92908031.82
2017-08-12,3589.5,3970.1,3643.4,3866.2,37553.4,142522025.06
2017-08-13,3834.2,4190.0,3866.2,4061.6,48048.6,192980115.06
2017-08-14,3951.0,4330.3,4061.6,4320.8,34116.39,143343011.39
2017-08-15,3832.5,4430.0,4320.8,4151.8,63444.96,261426829.25
2017-08-16,3925.1,4405.0,4151.8,4386.4,35188.23,147222534.81
2017-08-17,4152.0,4492.3,4386.4,4263.0,39444.82,171033363.79
2017-08-18,3954.0,4360.0,4263.0,4090.1,46661.51,194422803.04
2017-08-19,3907.0,4187.0,4090.1,4145.0,41634.3,168791497.58
2017-08-20,3975.1,4199.9,4145.0,4063.1,25039.02,102788820.52
2017-08-21,3951.0,4094.7,4063.1,3998.2,26490.64,106529064.78
2017-08-22,3599.0,4141.9,3998.2,4081.9,61608.87,239111044.26
2017-08-23,4045.0,4255.2,4081.9,4130.2,27409.42,113729659.02
2017-08-24,4089.9,4381.0,4130.2,4322.1,21971.13,92780188.66
2017-08-25,4250.0,4464.2,4322.1,4351.5,26981.2,117499766.84
2017-08-26,4240.7,4364.0,4351.5,4340.4,14750.64,63447147.77
2017-08-27,4304.4,4406.7,4340.4,4332.8,11125.02,48351459.92
2017-08-28,4175.0,4395.5,4332.8,4385.1,21069.52,90446789.75
2017-08-29,4325.1,4648.8,4385.1,4587.1,32510.39,146911652.42
2017-08-30,4481.0,4643.0,4587.1,4568.0,17011.68,77658541.41
2017-08-31,4566.9,4749.9,4568.0,4718.3,18402.94,86014991.15
2017-09-01,4660.0,4936.9,4718.3,4907.7,28714.49,137849604.85
2017-09-02,4400.1,4970.0,4907.7,4532.3,54682.27,252919826.45
2017-09-03,4331.0,4699.9,4532.3,4598.5,33471.46,151880017.94
2017-09-04,4052.0,4611.6,4598.5,4205.0,58820.61,251482158.52
2017-09-05,3900.1,4471.0,4205.0,4375.0,57575.02,240734995.2
2017-09-06,4352.4,4633.7,4375.0,4595.8,38900.74,175337047.95
2017-09-07,4455.1,4675.0,4595.8,4613.7,23064.83,105604886.08
2017-09-08,4105.0,4694.9,4613.7,4304.0,60776.46,264666232.97
2017-09-09,4151.0,4395.2,4304.0,4315.9,31057.52,132858349.3
2017-09-10,3974.1,4330.0,4315.9,4233.9,45789.44,190068638.21
2017-09-11,4123.0,4383.2,4233.9,4198.7,30829.18,130098011.73
2017-09-12,4050.0,4379.0,4198.7,4149.4,39964.59,168920985.94
2017-09-13,3731.7,4160.0,4149.4,3849.7,71344.38,278238795.36
2017-09-14,3204.7,3917.2,3849.7,3235.3,127026.4,447166955.12
2017-09-15,2980.4,3809.0,3235.3,3697.1,182179.52,611559126.6
2017-09-16,3511.1,3875.0,3697.1,3681.5,70579.93,259354596.47
2017-09-17,3465.1,3782.0,3681.5,3666.6,36906.84,134233463.73
2017-09-18,3666.6,4119.0,3666.6,4084.4,58786.92,232624406.78
2017-09-19,3836.2,4114.0,4084.4,3892.2,47527.09,187939217.71
2017-09-20,3829.0,4049.0,3892.2,3872.4,33156.52,130698538.9
2017-09-21,3560.0,3905.0,3872.4,3596.7,56793.68,211953807.57
2017-09-22,3490.0,3748.0,3596.7,3602.3,49096.86,176788199.55
2017-09-23,3555.0,3808.7,3602.3,3779.6,25555.46,95128057.81
2017-09-24,3615.5,3783.0,3779.6,3654.7,20858.78,76911991.28
2017-09-25,3653.7,3977.0,3654.7,3930.1,39811.12,153326746.77
2017-09-26,3838.0,3985.0,3930.1,3881.5,21296.75,83465263.89
2017-09-27,3876.7,4229.5,3881.5,4209.7,48472.47,198158125.22
2017-09-28,4120.0,4269.0,4209.7,4190.0,36491.09,153044819.0
2017-09-29,4024.4,4245.0,4190.0,4168.0,38793.17,160452009.94
2017-09-30,4160.0,4397.0,4168.0,4367.1,31384.7,135404767.54
2017-10-01,4248.6,4424.0,4367.1,4404.3,29163.88,126495551.72
2017-10-02,4359.0,4482.0,4404.3,4400.2,28996.2,128103689.46
2017-10-03,4210.1,4439.9,4400.2,4310.6,28439.63,122476333.51
2017-10-04,4174.3,4359.2,4310.6,4215.9,26321.46,111682076.74
2017-10-05,4133.0,4372.3,4215.9,4312.0,25278.71,107758054.88
2017-10-06,4282.2,4425.8,4312.0,4370.0,25845.74,112879614.45
2017-10-07,4309.0,4505.0,4370.0,4435.6,16034.2,70363273.63
2017-10-08,4416.3,4632.4,4435.6,4611.9,29773.12,134700012.65
2017-10-09,4551.0,4879.8,4611.9,4782.3,48768.43,229692776.75
2017-10-10,4716.4,4940.0,4782.3,4777.7,42477.15,205355472.26
2017-10-11,4715.0,4881.4,4777.7,4824.9,28782.43,138129000.15
2017-10-12,4815.0,5445.0,4824.9,5440.0,79292.14,411206648.85
2017-10-13,5369.4,5871.9,5440.0,5636.8,94223.71,531828697.53
2017-10-14,5564.3,5857.4,5636.8,5833.5,36377.25,207435103.13
2017-10-15,5450.0,5877.0,5833.5,5713.9,52859.17,296504414.44
2017-10-16,5570.0,5810.0,5713.9,5764.8,31194.31,177508930.15
2017-10-17,5511.0,5779.0,5764.8,5597.1,30327.0,170112124.4
2017-10-18,5114.0,5597.9,5597.1,5567.0,65717.86,352356069.8
2017-10-19,5505.5,5744.0,5567.0,5694.2,37716.39,213159494.34
2017-10-20,5603.3,6088.4,5694.2,5983.8,56063.28,330632308.77
2017-10-21,5862.8,6199.9,5983.8,6005.1,50812.53,308193542.01
2017-10-22,5705.0,6075.0,6005.1,5981.3,50407.03,296869418.51
2017-10-23,5621.0,6055.0,5981.3,5907.3,65593.99,382950746.12
2017-10-24,5457.4,5907.3,5907.3,5510.0,62893.1,355086171.88
2017-10-25,5365.3,5746.9,5510.0,5724.1,43731.39,241923094.98
2017-10-26,5667.5,5966.6,5724.1,5890.0,42648.46,249036974.62
2017-10-27,5681.0,6020.0,5890.0,5759.7,38440.04,223782636.22
2017-10-28,5632.0,5864.0,5759.7,5720.3,26532.61,151992142.68
2017-10-29,5660.0,6345.0,5720.3,6150.0,56000.1,336176404.28
2017-10-30,6006.2,6239.0,6150.0,6130.0,33132.66,202990210.12
2017-10-31,6082.5,6481.5,6130.0,6455.1,37533.21,236654069.87
2017-11-01,6344.5,6739.9,6455.1,6739.6,56443.24,367766124.1
2017-11-02,6715.3,7350.0,6739.6,7018.8,92469.55,643140585.86
2017-11-03,6917.0,7448.0,7018.8,7132.0,60799.52,439712869.67
2017-11-04,6930.1,7530.0,7132.0,7369.9,47552.49,344455349.74
2017-11-05,7272.0,7598.0,7369.9,7366.7,44845.23,334205673.62
2017-11-06,6911.0,7440.0,7366.7,6956.5,61198.0,440157158.22
2017-11-07,6948.0,7220.0,6956.5,7102.0,37472.87,265158849.67
2017-11-08,6977.4,7899.9,7102.0,7446.1,84596.58,627911135.05
2017-11-09,7000.0,7450.0,7446.1,7126.4,49013.35,353618625.28
2017-11-10,6405.0,7324.0,7126.4,6541.2,73657.3,503575974.01
2017-11-11,6163.2,6788.6,6541.2,6312.6,23518.19,152304447.5
2017-11-12,5400.2,6466.7,6312.6,5830.9,41573.91,251120750.48
2017-11-13,5790.0,6682.0,5830.9,6466.7,29759.01,187375152.76
2017-11-14,6301.0,6689.5,6466.7,6590.0,22364.23,145904459.04
2017-11-15,6589.9,7305.1,6590.0,7265.84,28693.56,200824602.33
2017-11-16,7091.0,8012.6,7265.84,7865.2,26042.34,195204226.62
2017-11-17,7512.0,8034.0,7865.2,7677.9,24571.95,192379648.06
2017-11-18,7413.3,7867.8,7675.9,7773.3,18998.25,145813938.54
2017-11-19,7662.2,8122.5,7773.3,8050.0,16255.03,127937215.84
2017-11-20,7925.0,8315.0,8050.0,8248.8,18495.6,150639022.34
2017-11-21,7755.6,8380.0,8248.8,8096.9,21979.18,179242289.33
2017-11-22,8073.4,8310.0,8096.9,8230.2,16123.84,132052542.22
2017-11-23,7992.6,8268.0,8230.2,7999.9,17290.55,141182053.58
2017-11-24,7880.6,8351.0,7999.9,8195.2,17340.71,141498185.93
2017-11-25,8131.6,8770.0,8195.2,8753.4,19772.95,167899762.33
2017-11-26,8753.0,8759.2,8753.4,8758.8,3.08,26962.27
2017-11-27,8758.8,9767.2,8758.8,9723.6,20689.38,198661459.93
2017-11-28,9592.5,9970.2,9723.6,9880.0,16979.74,167029891.6
2017-11-29,9010.9,11435.0,9880.0,9727.0,25137.36,260988014.99
2017-11-30,8901.0,10542.0,9727.0,9912.6,26687.82,261197407.77
2017-12-01,9375.0,10950.0,9912.6,10860.0,23092.12,235039838.47
2017-12-02,10627.0,11187.0,10860.0,10877.0,18336.84,200402326.39
2017-12-03,10300.0,11848.0,10877.0,11162.0,16144.5,181615051.57
2017-12-04,10890.0,11599.0,11162.0,11599.0,19388.68,219384848.46
2017-12-05,11405.0,11932.0,11599.0,11592.0,25638.0,299090807.4
2017-12-06,11590.0,13597.0,11592.0,13510.0,55514.35,698009291.68
2017-12-07,13139.0,16649.0,13510.0,16600.0,81050.27,1188180149.51
2017-12-08,13722.0,17171.0,16600.0,15851.0,68258.55,1053808779.76
2017-12-09,13020.0,16300.0,15851.0,14603.0,53213.82,782860906.93
2017-12-10,12732.0,15644.0,14603.0,14905.0,63824.33,903356657.39
2017-12-11,14905.0,17450.0,14905.0,16753.0,50455.1,825901343.83
2017-12-12,16210.0,17515.0,16753.0,16968.0,37776.93,633973255.0
2017-12-13,15632.0,17293.0,16968.0,16171.0,54897.19,906371363.81
2017-12-14,15851.0,16999.0,16171.0,16384.0,44975.63,736682606.75
2017-12-15,16349.0,18111.0,16384.0,17569.0,59851.03,1044216461.5
2017-12-16,17050.0,19550.0,17569.0,19210.0,45331.0,836392677.4
2017-12-17,18622.0,19891.0,19210.0,18961.0,48747.05,937965444.83
2017-12-18,18010.0,19175.0,18961.0,18928.0,52496.11,974801267.97
2017-12-19,16400.0,18987.0,18928.0,17345.0,61905.48,1107377557.31
2017-12-20,15500.0,17709.0,17345.0,16425.0,79577.44,1317507611.8
2017-12-21,14801.0,17333.0,16425.0,15645.0,64360.43,1027276532.46
2017-12-22,10700.0,15842.43,15645.0,13173.0,169892.84,2223207787.82
2017-12-23,12521.0,14999.0,13173.0,14035.0,58568.66,831326801.92
2017-12-24,11600.0,14050.0,14035.0,13477.0,70688.48,906103698.66
2017-12-25,12675.0,14278.0,13477.0,13633.0,44826.26,606634803.89
2017-12-26,13531.0,16060.0,13633.0,15680.0,61169.56,926179176.72
2017-12-27,14454.0,16494.0,15680.0,15375.0,53701.63,829436907.21
2017-12-28,13145.0,15468.0,15375.0,14323.0,69628.81,977111940.28
2017-12-29,13826.0,15131.0,14323.0,14307.0,47385.09,683772240.49
2017-12-30,12752.0,14417.0,14307.0,13346.0,22196.97,297348809.62
