datetime,low,high,open,close,volumefrom,volumeto,close_12_ema,close_26_ema,macd,macds,macdh
2016-05-27,10.25,11.98,11.98,11.25,13749.03,151147.98,11.25,11.25,0.0,0.0,0.0
2016-05-28,10.7,12.44,11.25,11.93,15810.34,180822.02,11.61833333333333,11.603076923076921,0.015256410256409225,0.008475783475782903,0.013561253561252644
2016-05-29,11.65,12.49,11.93,12.34,3481.3,42228.37,11.899999999999999,11.867846229669787,0.03215377033021127,0.018179876448909282,0.02794778776260398
2016-05-30,12.0,12.88,12.34,12.41,4110.59,51655.95,12.060987068965515,12.019408731962278,0.04157833700323721,0.026106184224765627,0.030944305556943164
2016-05-31,12.37,14.24,12.41,14.0,5654.91,76994.75,12.587809952340635,12.478716016164837,0.10909393617579788,0.0507931642197181,0.11660154391215956
2016-06-01,13.5,14.45,14.0,13.93,10369.02,145746.12,12.914032746277877,12.769396623101207,0.14463612317667085,0.07622982366463764,0.13681259902406642
2016-06-02,13.76,14.18,13.93,14.02,8048.39,112783.07,13.16082546946181,12.991809950726605,0.16901551873520582,0.09971140778989683,0.13860822189061797
2016-06-03,13.49,14.12,14.02,13.88,12207.16,168475.99,13.310906109271757,13.134919375526927,0.1759867337448302,0.11804180297468982,0.11588986154028078
2016-06-04,13.56,14.03,13.88,13.81,6130.33,84986.59,13.409644645093728,13.234981144076277,0.17466350101745043,0.13112169612426,0.08708360978638086
2016-06-05,13.8,14.06,13.81,14.04,2107.55,29378.03,13.529096739864388,13.346065911196478,0.18303082866790987,0.14275235513504636,0.08055694706572702
2016-06-06,13.83,14.3,14.04,14.22,5069.23,71184.96,13.655515377614961,13.459415439377011,0.1960999382379498,0.154424501493282,0.08335087348933562
2016-06-07,13.97,14.69,14.22,14.65,12603.05,179454.21,13.832331478721658,13.605697511989863,0.2266339667317947,0.16993206627847243,0.11340380090664454
2016-06-08,14.4,14.87,14.65,14.61,12109.89,177565.8,13.967364277240664,13.723351367310634,0.24401290993002966,0.1856101465889105,0.11680552668223831
2016-06-09,14.55,14.85,14.61,14.71,8848.44,129706.89,14.093811429798691,13.834163750636664,0.25964767916202725,0.20109885364377547,0.11709765103650355
2016-06-10,13.76,14.74,14.71,14.11,16995.71,242199.34,14.096523292446062,13.864002476090347,0.23252081635571464,0.20761242199879226,0.04981678871384476
2016-06-11,13.86,14.29,14.11,14.1,7305.84,102532.3,14.09709784578164,13.888689755764679,0.20840809001696137,0.20777616454537468,0.0012638509431733835
2016-06-12,13.92,15.9,14.1,15.9,20750.08,309647.42,14.391679950199997,14.092855310063797,0.2988246401361998,0.22640535166437645,0.1448385769436467
2016-06-13,15.49,17.93,15.9,17.9,24221.67,411340.35,14.959494882555273,14.46899449323895,0.4905003893163222,0.28019331703802064,0.4206141445566032
2016-06-14,16.96,19.08,17.9,18.7,34698.03,625567.59,15.56008265613158,14.876924646282713,0.6831580098488672,0.361964705502975,0.6423866086917844
2016-06-15,17.89,18.81,18.7,18.58,13471.3,249416.27,16.04173517156176,15.226152798333336,0.8155823732284251,0.45374641005716493,0.7236719263425203
2016-06-16,18.42,21.35,18.58,21.09,32005.03,635952.27,16.84237255097495,15.76819081841327,1.07418173256168,0.5789886301486937,0.9903862048259726
2016-06-17,13.75,22.0,21.09,15.75,122187.18,2046737.16,16.669945132688767,15.766539629937153,0.9034055027516139,0.6443543183176195,0.5181023688679889
2016-06-18,10.0,15.75,15.75,11.55,79296.12,977144.59,15.864998851082245,15.390087873058505,0.4749109780237397,0.6102644190114839,-0.2707068819754883
2016-06-19,10.72,13.4,11.55,12.36,30892.52,370778.28,15.31580247036337,15.123614197444867,0.19218827291850182,0.5262524545075542,-0.6681283631781048
2016-06-20,10.8,12.74,12.36,11.8,32647.05,383026.97,14.766475182560047,14.835325197392628,-0.0688500148325808,0.4067806087675519,-0.9512612472002654
2016-06-21,11.2,12.8,11.8,12.8,31632.08,383368.4,14.459958209670939,14.660989932671919,-0.20103172300098038,0.2848496286386235,-0.9717627032792078
2016-06-22,12.76,15.89,12.8,13.35,65589.9,937751.6,14.287297277682528,14.549982957218095,-0.26268567953556676,0.17507715344469557,-0.8755256659605246
2016-06-23,12.68,14.5,13.35,13.87,35402.07,472302.04,14.222494897844701,14.493009888954703,-0.27051499111000155,0.08578601034438517,-0.7126020029087734
2016-06-24,13.25,14.8,13.87,14.52,33067.56,465788.3,14.26862802804769,14.495249531743895,-0.22662150369620448,0.023207672248366014,-0.499658351889141
2016-06-25,14.0,14.74,14.52,14.39,10391.12,150523.13,14.287425834165413,14.486593007882762,-0.19916717371734904,-0.021322422532058845,-0.3556895023705804
2016-06-26,13.75,14.49,14.39,14.04,5726.83,80358.56,14.249144588816378,14.450159584695106,-0.20101499587872773,-0.057296564265737454,-0.28743686322598055
2016-06-27,13.6,14.59,14.04,14.07,11846.86,167372.59,14.221451830881874,14.419376932067728,-0.19792510118585405,-0.08544457279970658,-0.22496105677229494
2016-06-28,11.52,14.25,14.07,12.17,42160.13,536610.13,13.904565265403996,14.238486137219427,-0.3339208718154314,-0.13517135069277328,-0.39749904224531624
2016-06-29,11.62,13.13,12.17,12.81,23679.15,291315.39,13.73559372200793,14.12433407710229,-0.38874035509435956,-0.18591087957078553,-0.40565895104714805
2016-06-30,12.19,13.06,12.81,12.49,14560.12,182893.14,13.54340872286831,13.994490374141048,-0.45108165127273736,-0.23896655585033788,-0.42423019084479896
2016-07-01,11.8,12.54,12.49,12.3,19132.21,233295.09,13.351646325189659,13.86058692163414,-0.5089405964444804,-0.29297889197436505,-0.43192340894023074
2016-07-02,12.0,12.45,12.3,12.16,11562.02,140575.03,13.167936143235329,13.726863469506178,-0.5589273262708492,-0.34618239125176997,-0.4254898700381584
2016-07-03,11.65,12.16,12.16,11.99,12186.5,144805.86,12.986397478684927,13.59090736776631,-0.6045098890813829,-0.39785862355123774,-0.41330253106029036
2016-07-04,11.41,12.02,11.99,11.43,5278.27,61069.63,12.746596593034376,13.422466379785789,-0.675869786751413,-0.4534700962320696,-0.44479938103868677
2016-07-05,9.31,11.48,11.43,10.5,34353.15,348385.71,12.400532707694849,13.195541840351652,-0.7950091326568032,-0.5217869843890486,-0.5464442965355092
2016-07-06,10.24,11.0,10.5,10.59,14605.23,154142.82,12.12169356522309,12.993946498729436,-0.8722529335063456,-0.5918876285916117,-0.5607306098294678
2016-07-07,9.75,10.7,10.59,10.08,20921.16,210156.3,11.807304804511263,12.769230389571005,-0.9619255850597419,-0.6659015162904606,-0.5920481375385627
2016-07-08,10.05,11.8,10.08,11.22,27964.91,305714.65,11.716881575400665,12.650120196557326,-0.9332386211566615,-0.7193725763154741,-0.42773208968237464
2016-07-09,10.68,11.57,11.22,11.0,9092.21,100852.1,11.606521212459743,12.523608665823115,-0.9170874533633722,-0.7589177047666392,-0.3163394971934659
2016-07-10,10.9,11.3,11.0,11.02,9647.39,106589.02,11.51623810859835,12.408628150371074,-0.8923900417727246,-0.7856133349265402,-0.2135534136923689
2016-07-11,10.11,11.16,11.02,10.68,10893.75,116212.43,11.387526896800214,12.276756377145665,-0.8892294803454508,-0.8063372861346275,-0.16578438842164656
2016-07-12,10.5,10.98,10.68,10.52,13903.14,148530.79,11.254009261789221,12.143034697018695,-0.889025435229474,-0.8228753769682841,-0.13230011652237983
2016-07-13,10.49,10.65,10.52,10.5,5540.36,58480.48,11.13796962713683,12.018224508478687,-0.8802548813418571,-0.8343515337698474,-0.09180669514401951
2016-07-14,10.33,11.78,10.5,11.68,24023.93,268878.96,11.221382155937134,11.992580334669812,-0.7711981787326785,-0.8217206374196927,0.10104491737402843
2016-07-15,11.36,12.75,11.68,12.0,24795.42,301973.25,11.341197764063594,11.993141913050083,-0.6519441489864892,-0.7877648550999322,0.271641412226886
2016-07-16,11.8,12.4,12.0,11.91,7523.89,90180.86,11.42872326061556,11.986859220675955,-0.5581359600603939,-0.7418385517063402,0.36740518329189253
2016-07-17,11.02,11.92,11.91,11.31,11449.78,130318.26,11.410455059976169,11.935787942328341,-0.5253328823521723,-0.6985370223026559,0.3464082799009671
2016-07-18,11.0,11.93,11.31,11.15,15178.86,172749.32,11.370379326795295,11.876579293358038,-0.5061999665627432,-0.6600693300516973,0.30773872697790816
2016-07-19,11.03,11.98,11.15,11.69,7874.88,90324.43,11.419557681498738,11.862538562281518,-0.4429808807827804,-0.6166513863763309,0.3473410111871009
2016-07-20,11.22,13.0,11.69,12.58,38321.88,472248.84,11.5981055275793,11.916466393709934,-0.3183608661306341,-0.556993003316553,0.4772642743718378
2016-07-21,12.1,13.09,12.58,12.84,71786.16,917191.68,11.789182749401306,11.985807963150354,-0.19662521374904784,-0.4849191757428484,0.5765879239876011
2016-07-22,12.73,15.0,12.84,14.99,191777.76,2678035.96,12.2816522297118,12.211144052536051,0.07050817717574809,-0.37383337266206296,0.8886830996756221
2016-07-23,14.0,15.39,14.99,14.5,122836.41,1803112.53,12.6229576469079,12.382664717757182,0.24029292915071743,-0.2510078181907342,0.9826014946829033
2016-07-24,12.05,14.6,14.5,12.66,139529.33,1836976.95,12.62865676921789,12.403429548069528,0.22522722114836213,-0.1557606278655469,0.7619756980278181
2016-07-25,12.56,14.0,12.66,14.0,92702.64,1241681.71,12.839642009501686,12.522873638414556,0.3167683710871305,-0.061254683245072716,0.7560461086644065
2016-07-26,11.92,14.01,14.0,12.1,161498.61,2048560.56,12.725846660075051,12.491260585661077,0.23458607441397383,-0.0020864591732317815,0.4733450671744112
2016-07-27,11.75,13.4,12.1,13.14,115692.4,1453310.66,12.789564582104402,12.539725709025458,0.2498388730789447,0.04829865669478136,0.40308043276832667
2016-07-28,12.53,13.14,13.14,12.95,66922.79,858173.96,12.814247617383051,12.570356535929307,0.24389108145374472,0.08741717234043682,0.31294781822661577
2016-07-29,12.57,12.98,12.95,12.9,53815.38,686795.14,12.827440591617144,12.594953118067346,0.23248747354979749,0.11643125079474118,0.23211244551011262
2016-07-30,12.55,12.9,12.9,12.6,37767.95,481455.69,12.792449058128819,12.595329490903433,0.1971195672253856,0.13256892218469446,0.12910129008138227
2016-07-31,11.61,12.67,12.6,11.89,56314.3,683933.51,12.653608481160864,12.542755670703285,0.11085281045757966,0.1282256980944485,-0.03474577527373768
2016-08-01,11.0,12.12,11.89,11.02,88422.24,1015397.95,12.402280637293597,12.429305199864343,-0.02702456257074637,0.09717563598230432,-0.24840039710610137
2016-08-02,6.68,11.31,11.02,8.46,193498.37,1877009.59,11.79576885427953,12.133705385145609,-0.3379365308660791,0.010153180238276464,-0.6961794222087111
2016-08-03,8.09,10.78,8.46,10.7,216803.56,2138637.67,11.627187367844414,12.026977710348849,-0.3997903425044349,-0.07183554117436763,-0.6559096026601345
2016-08-04,10.42,11.55,10.7,11.31,101792.83,1125384.75,11.578388904004505,11.973624188298245,-0.3952352842937401,-0.1365155004413589,-0.5174395677047624
2016-08-05,10.81,11.4,11.31,11.18,46720.03,521997.09,11.517097870576146,11.91458715503846,-0.39748928446231346,-0.18871026411648753,-0.41755804069165187
2016-08-06,10.42,11.24,11.18,10.99,34629.61,377156.03,11.43600540594435,11.845829561513249,-0.4098241555688986,-0.23293304706417234,-0.35378221700945256
2016-08-07,10.84,11.25,10.99,11.05,30423.9,335545.92,11.376619658625637,11.78666437524227,-0.4100447166166319,-0.26835538395899017,-0.28337866531528344
2016-08-08,10.94,11.42,11.05,11.34,30466.37,338209.87,11.370985840888906,11.753466502569154,-0.38248066168024764,-0.2911804410416475,-0.18260044127720032
2016-08-09,11.24,12.48,11.34,12.31,83827.0,998938.88,11.515450080625412,11.794819950992931,-0.27936987036751937,-0.2888183267794569,0.018896912823875067
2016-08-10,11.87,12.91,12.31,12.25,146769.49,1805041.92,11.62845810667461,11.828634467675396,-0.20017636100078562,-0.2710899328589922,0.14182714371641314
2016-08-11,11.6,12.39,12.25,11.73,55585.22,662172.86,11.644079976905475,11.821308657220525,-0.17722868031505,-0.2523176817023972,0.1501780027746944
2016-08-12,11.65,12.08,11.73,11.82,29525.34,350447.66,11.671144655197208,11.821211479481342,-0.1500668242841332,-0.23186750965417682,0.16360137074008724
2016-08-13,11.54,11.86,11.82,11.59,28160.61,330244.84,11.658660838924288,11.804045421195603,-0.14538458227131557,-0.2145709237955993,0.13837268304856748
2016-08-14,11.2,11.76,11.59,11.29,25914.82,296885.34,11.601943697726544,11.765887131016699,-0.16394343329015548,-0.20444542551560846,0.08100398445090595
2016-08-15,11.02,11.52,11.29,11.22,32328.91,361830.4,11.543183050775834,11.72537155993308,-0.18218850915724616,-0.19999404218101666,0.035611066047540996
2016-08-16,11.0,11.49,11.22,11.18,51581.45,573793.01,11.487308672457635,11.684900147465791,-0.19759147500815644,-0.19951352874101103,0.003844107465709179
2016-08-17,10.69,11.26,11.18,10.79,39790.65,435573.53,11.380030313107932,11.618499561275252,-0.23846924816731985,-0.2073046726967535,-0.06232915094113267
2016-08-18,10.76,11.06,10.79,10.77,35887.01,391209.57,11.286179420165775,11.555549702825774,-0.26937028265999885,-0.2197177947792364,-0.09930497576152492
2016-08-19,10.65,10.86,10.77,10.73,28732.12,309823.9,11.200613297248161,11.494309561546594,-0.29369626429843265,-0.23451348876873684,-0.11836555105939162
2016-08-20,10.7,11.37,10.73,11.31,35260.07,392463.4,11.21744203044671,11.480638747711488,-0.263196717264778,-0.2402501344945154,-0.045893165540525194
2016-08-21,10.98,11.32,11.31,11.17,17897.44,199217.45,11.210143252972715,11.45759998666623,-0.2474567336935145,-0.24169145433965583,-0.011530558707717353
2016-08-22,11.04,11.34,11.17,11.08,36062.83,404540.54,11.19012120579251,11.429597561591223,-0.23947635579871296,-0.24124843463015408,0.0035441576628822413
2016-08-23,10.85,11.2,11.08,10.98,32619.53,359402.76,11.157794855153627,11.396258700953938,-0.238463845800311,-0.24069151686286477,0.004455342125107564
2016-08-24,10.98,11.16,10.98,11.0,24080.06,266356.65,11.133518716419871,11.36687736868831,-0.23335865226843922,-0.23922494394119737,0.011732583345516301
2016-08-25,10.99,11.34,11.0,11.34,28341.96,317571.2,11.165285075680554,11.364884641624197,-0.19959956594364314,-0.23129986832965854,0.0634006047720308
2016-08-26,11.2,11.47,11.34,11.29,27567.11,311916.84,11.184471991172611,11.359332959819508,-0.1748609686468967,-0.22001208837940095,0.09030223946500848
2016-08-27,11.17,11.3,11.29,11.21,19407.52,217997.6,11.188399377848953,11.348262634250432,-0.15986325640147925,-0.2079823219721317,0.09623813114130492
2016-08-28,10.98,11.22,11.21,10.98,17866.23,197944.62,11.156337930247611,11.320964227947016,-0.16462629769940484,-0.1993111171108482,0.06936963882288671
2016-08-29,10.8,11.16,10.98,10.95,33061.33,361476.29,11.124593629218706,11.29346702952423,-0.16887340030552345,-0.1932235737459989,0.04870034688095093
2016-08-30,10.95,11.25,10.95,11.2,25615.97,285024.88,11.136194610596762,11.286539261230672,-0.1503446506339099,-0.18464778911931617,0.06860627697081256
2016-08-31,11.09,11.53,11.2,11.52,36187.64,411082.87,11.195241598999178,11.303842558167876,-0.10860095916869739,-0.16943842312314125,0.12167492790888773
2016-09-01,11.52,12.5,11.52,12.24,84876.65,1026327.84,11.355973673169387,11.37322434281221,-0.017250669642821848,-0.1390008724173895,0.24350040554913532
2016-09-02,11.95,12.35,12.24,12.11,43871.51,532302.29,11.471977731071059,11.427827125330232,0.04415060574082652,-0.10237057677641916,0.2930423650344913
2016-09-03,11.6,12.47,12.11,11.83,37128.37,443042.48,11.52705808319852,11.457631257442197,0.06942682575632375,-0.06801109626287143,0.2748758440383904
2016-09-04,11.54,11.9,11.83,11.76,19353.76,227150.01,11.562895302853434,11.480038373704113,0.08285692914932064,-0.037837491175515846,0.24138884064967298
2016-09-05,11.62,11.84,11.76,11.77,14026.67,164614.3,11.594757565220874,11.50152538707537,0.09323217814550411,-0.011623557307894342,0.2097114709067969
2016-09-06,11.5,11.77,11.77,11.73,26580.55,309379.3,11.615564094349049,11.518455542096072,0.09710855225297621,0.010122864606547833,0.17397137529285675
2016-09-07,11.53,11.9,11.73,11.6,33740.93,393487.14,11.613169618227124,11.52449789130621,0.0886717269209143,0.025832637070731898,0.1256781797003648
2016-09-08,11.31,11.7,11.6,11.42,31887.78,365353.9,11.583451214706468,11.516754911167686,0.06669630353878198,0.03400537036488745,0.06538186634778906
2016-09-09,11.34,11.69,11.42,11.61,21410.51,247578.18,11.587535643296489,11.523663934025297,0.06387170927119179,0.03997863814646728,0.04778614224944902
2016-09-10,11.55,12.07,11.61,12.07,18320.13,214832.59,11.661760930224425,11.564144009654198,0.09761692057022664,0.051506294631711615,0.09222125187703005
2016-09-11,11.6,12.21,12.07,11.64,27312.35,325151.28,11.658413094756385,11.569764352277396,0.08864874247898946,0.05893478420142106,0.05942791655513681
2016-09-12,11.64,11.95,11.64,11.87,20651.61,243496.83,11.69096492673463,11.5920090885747,0.09895583815992914,0.06693899499334152,0.06403368633317524
2016-09-13,11.84,12.08,11.87,11.92,29060.43,348402.1,11.726201092220862,11.616309828536938,0.10989126368392377,0.07552944873164587,0.0687236299045558
2016-09-14,11.8,12.03,11.92,11.93,24430.16,291608.15,11.757554770618164,11.639550668752294,0.11800410186586952,0.08402437935863923,0.06795944501446058
2016-09-15,11.9,12.1,11.93,11.96,22297.35,267644.26,11.788700190756256,11.663291942165559,0.12540824859069666,0.09230115320516658,0.06621419077106017
2016-09-16,11.86,12.76,11.96,12.6,56556.87,696618.19,11.91351554681528,11.732689324246824,0.18082622256845582,0.11000616707802269,0.14164011098086626
2016-09-17,12.41,12.99,12.6,12.88,32860.58,417390.13,12.062205463486936,11.817688455698356,0.24451700778858054,0.1369083352203753,0.2152173451364105
2016-09-18,12.33,12.98,12.88,12.58,54712.42,695585.11,12.141866161773365,11.874164070862776,0.26770209091058916,0.16306708635860553,0.20927000910396726
2016-09-19,12.57,13.2,12.58,12.92,34556.46,446774.78,12.261579060421553,11.951643679862377,0.30993538055917647,0.19244074519888815,0.23498927072057663
2016-09-20,12.92,15.13,12.92,15.09,101670.03,1405428.92,12.69672074484682,12.184143083931996,0.5125776609148236,0.25646812834236893,0.5122190651449093
2016-09-21,13.16,15.25,15.09,13.71,90366.73,1277839.59,12.852609861452619,12.297182381725014,0.5554274797276051,0.3162599986196356,0.47833496221593896
2016-09-22,12.33,13.89,13.71,13.1,70006.03,913658.53,12.890669882856098,12.356656618173517,0.5340132646825815,0.3598106518323526,0.34840522570045773
2016-09-23,13.1,13.45,13.1,13.36,25589.46,341499.52,12.962874516404916,12.430985599651803,0.5318889167531129,0.39422630481658544,0.2753252238730549
2016-09-24,12.62,13.41,13.36,12.94,36956.47,479447.22,12.959355360029068,12.468693775392897,0.4906615846361717,0.41351336078053896,0.1542964477112655
2016-09-25,12.8,13.18,12.94,13.07,19337.69,251495.17,12.976377612356266,12.51323870199094,0.46313891036532695,0.4234384706975114,0.07940087933563111
2016-09-26,12.83,13.15,13.07,12.88,23475.27,304283.73,12.961550287360705,12.540408309138796,0.42114197822190924,0.4229791722023904,-0.003674387960962311
2016-09-27,12.83,13.25,12.88,13.11,27757.2,362974.48,12.984388704712861,12.582603311169645,0.4017853935432161,0.41874041647055144,-0.03391004585467072
2016-09-28,13.09,13.58,13.11,13.31,43345.64,578657.94,13.034482750184404,12.636488124198141,0.39799462598626256,0.41459125837369043,-0.033193264774855735
2016-09-29,13.1,13.39,13.31,13.18,34644.4,457136.92,13.056870019402972,12.676750737767868,0.38011928163510333,0.40769686302596875,-0.05515516278173083
2016-09-30,13.08,13.39,13.18,13.24,34957.43,463147.69,13.08504386258896,12.718475279854061,0.3665685827348977,0.39947120696775046,-0.06580524846570557
2016-10-01,13.09,13.31,13.24,13.24,31926.29,421455.89,13.108883268356829,12.757108776350316,0.3517744920065127,0.3899318639754991,-0.07631474393797288
2016-10-02,13.19,13.31,13.24,13.28,20286.88,269204.41,13.135208919390372,12.795843349464004,0.33936556992636824,0.37981860516566973,-0.08090607047860299
2016-10-03,13.25,13.56,13.28,13.52,35524.38,474831.78,13.194407547198383,12.849487006265269,0.34492054093311353,0.37283899231915674,-0.055836902772086416
2016-10-04,13.24,13.58,13.52,13.34,53980.62,725294.13,13.216806386097955,12.885822822025228,0.3309835640727279,0.3644679066698693,-0.06696868519428278
2016-10-05,13.1,13.45,13.34,13.1,36204.22,480585.69,13.198836172847354,12.901688412669573,0.297147760177781,0.35100387737144945,-0.1077122343873369
2016-10-06,12.68,13.18,13.1,12.87,48924.89,633446.44,13.148245992397955,12.899341038659504,0.24890495373845134,0.3305840926448472,-0.16335827781279177
2016-10-07,12.5,13.08,12.87,12.69,52947.36,673373.41,13.077746608938737,12.883833780120831,0.19391282881790595,0.3032498398794561,-0.21867402212310028
2016-10-08,12.06,12.74,12.69,12.28,33724.29,417259.1,12.955016361389994,12.839103976687307,0.11591238470268728,0.26578234884409924,-0.2997399282828239
2016-10-09,12.02,12.43,12.28,12.05,24668.77,300398.5,12.815783075003386,12.78065016615583,0.035132908847556266,0.21965246084478762,-0.3690391039944627
2016-10-10,11.62,12.18,12.05,11.78,47080.88,558357.25,12.656431832676855,12.706525977711745,-0.0500941450348904,0.16570313966884917,-0.43159456940747914
2016-10-11,11.7,12.24,11.78,11.76,37042.12,442409.87,12.518519243020847,12.636411231006138,-0.11789198798529021,0.1089841141380189,-0.4537522042466182
2016-10-12,11.68,12.11,11.76,11.77,35232.03,417156.84,12.403362436392776,12.572231170867529,-0.1688687344747528,0.053413544415462685,-0.444564557780431
2016-10-13,11.72,12.11,11.77,12.05,31713.6,378163.97,12.348998984636253,12.533546570941308,-0.18454758630505452,0.0058213182713579776,-0.380737809152825
2016-10-14,11.84,12.07,12.05,11.9,39154.1,468016.36,12.279922217765069,12.486616286023406,-0.20669406825833647,-0.03668175903458182,-0.3400246184475093
2016-10-15,11.78,11.97,11.9,11.95,21439.53,253897.8,12.22916495349099,12.446866218379906,-0.21770126488891606,-0.07288566020544929,-0.28963120936693354
2016-10-16,11.9,12.05,11.95,11.94,15411.22,184498.14,12.184678037567421,12.409319948882583,-0.2246419113151621,-0.10323691042739226,-0.24281000177553966
2016-10-17,11.83,11.99,11.94,11.97,29110.6,346677.44,12.151650647171255,12.376777229913456,-0.22512658274220065,-0.12761484489035418,-0.19502347570369294
2016-10-18,11.91,12.94,11.97,12.53,46583.18,583173.3,12.2098582399159,12.388127226375552,-0.17826898645965272,-0.137745673204214,-0.08104662651087746
2016-10-19,11.88,12.65,12.53,11.97,39494.74,481313.07,12.172956972235585,12.357154430811823,-0.1841974585762376,-0.14703603027861878,-0.07432285659523763
2016-10-20,11.92,12.26,11.97,12.03,30223.82,364845.02,12.150963591891173,12.332920473378847,-0.18195688148767353,-0.15402020052042978,-0.0558733619344875
2016-10-21,11.96,12.13,12.03,12.05,19202.07,231349.08,12.135430731599937,12.311963164346903,-0.17653243274696528,-0.1585226469657369,-0.036019571562456776
2016-10-22,11.87,12.14,12.05,12.04,25762.92,309486.31,12.120749080584334,12.291817533882783,-0.17106845329844944,-0.16103180823227942,-0.02007329013234005
2016-10-23,11.87,12.06,12.04,11.92,19686.11,235536.79,12.089864606647877,12.264275227381571,-0.17441062073369373,-0.16370757073256229,-0.021406100002262896
2016-10-24,11.89,11.99,11.92,11.9,21117.33,252158.88,12.060654667163265,12.237291635039426,-0.17663696787616168,-0.16629345016128216,-0.020687035429759026
2016-10-25,11.05,11.95,11.9,11.32,72129.63,828602.98,11.946707795290923,12.169343541884748,-0.22263574659382535,-0.17756190944779082,-0.09014767429206905
2016-10-26,11.28,11.7,11.32,11.5,41652.63,479974.1,11.877983519091774,12.119762157291381,-0.241778638199607,-0.19040525519815407,-0.10274676600290583
2016-10-27,11.22,11.57,11.5,11.43,42811.32,489143.84,11.809062977692575,12.068668300151177,-0.25960532245860257,-0.20424526865024378,-0.11072010761671758
2016-10-28,10.93,11.63,11.43,11.1,50124.99,563547.91,11.69997636573925,11.996914619404695,-0.296938253665445,-0.22278386565328406,-0.1483087760243219
2016-10-29,9.52,11.35,11.1,10.43,86942.69,910824.54,11.50459538639381,11.88084616088099,-0.3762507744871808,-0.2534772474200634,-0.24554705413423483
2016-10-30,10.35,11.45,10.43,11.22,41977.21,454027.03,11.460811480794582,11.831894316561563,-0.3710828357669804,-0.2769983650894468,-0.18816894135506723
2016-10-31,10.85,11.44,11.22,10.95,35056.52,390366.38,11.382225099133606,11.766568469547927,-0.3843433704143209,-0.29846736615442165,-0.17175200851979844
2016-11-01,10.35,11.24,10.95,10.79,70151.2,752055.26,11.29111354542048,11.69422971364927,-0.4031161682287898,-0.3193971265692953,-0.16743808331898902
2016-11-02,10.72,11.17,10.79,10.83,38938.13,425124.05,11.220172999971,11.630212410416958,-0.4100394104459575,-0.3375255833446278,-0.1450276542026594
2016-11-03,10.77,11.14,10.83,10.88,51350.07,561271.86,11.167838692283045,11.574640889748109,-0.40680219746506374,-0.35138090616871503,-0.11084258259269741
2016-11-04,10.81,11.15,10.88,11.15,33755.55,371719.48,11.165094278085649,11.543185887954694,-0.37809160986904544,-0.35672304690878115,-0.042737125920528585
2016-11-05,11.01,11.24,11.15,11.16,21746.4,242057.6,11.16431054299555,11.514801646947054,-0.35049110395150507,-0.35547665831732594,0.009971108731641753
2016-11-06,10.92,11.2,11.16,11.02,20641.26,227864.33,11.142108920996206,11.478149552149953,-0.3360406311537467,-0.35158945288461013,0.03109764346172683
2016-11-07,10.91,11.06,11.02,10.94,26659.97,292436.87,11.111015240842912,11.438286500560057,-0.3272712597171452,-0.3467258142511172,0.03890910906794398
2016-11-08,10.81,11.01,10.94,10.86,39073.8,425634.43,11.072397511482428,11.395450342291447,-0.3230528308090186,-0.3419912175626975,0.03787677350735785
2016-11-09,10.28,10.86,10.86,10.66,76390.23,810817.47,11.008951740485085,11.340972396449027,-0.3320206559639427,-0.3399971052429466,0.015952898558007744
2016-11-10,10.44,10.68,10.66,10.52,26327.63,278479.24,10.933728395795024,11.280159478837312,-0.34643108304228853,-0.341283900802815,-0.010294364478947049
2016-11-11,10.16,10.71,10.52,10.31,43185.33,449482.67,10.837770181057277,11.208295652341176,-0.3705254712838997,-0.34713221489903195,-0.046786512769735444
2016-11-12,9.67,10.34,10.31,9.96,42103.64,422820.75,10.70272861474071,11.115829115437979,-0.41310050069726856,-0.36032587205867933,-0.10554925727717845
2016-11-13,9.65,10.41,9.96,10.14,29006.07,291002.06,10.616154981703644,11.043545338076806,-0.42739035637316114,-0.37373876892157576,-0.10730317490317076
2016-11-14,9.93,10.19,10.14,10.03,30934.5,311059.6,10.525977292210746,10.968467771774863,-0.4424904795641176,-0.38748911105008416,-0.11000273702806684
2016-11-15,9.81,10.3,10.03,10.28,30136.06,304636.4,10.48813463187062,10.917470074864609,-0.4293354429939882,-0.39585837743886504,-0.06695413111024628
2016-11-16,9.82,10.42,10.28,10.02,42250.29,429620.15,10.416113919275123,10.850990708445853,-0.4348767891707297,-0.403662059785238,-0.06242945877098338
2016-11-17,9.8,10.13,10.02,9.98,47840.4,477120.56,10.34901947015586,10.78647278687959,-0.43745331672373133,-0.4104203111729367,-0.05406601110158926
2016-11-18,9.45,9.98,9.98,9.53,54539.8,526535.47,10.223016474747244,10.693400606626174,-0.47038413187893013,-0.4224130753141354,-0.09594211312958945
2016-11-19,9.45,9.78,9.53,9.71,26967.97,259671.2,10.144090863247657,10.62055602885862,-0.4764651656109624,-0.43322349337350086,-0.08648334447492312
2016-11-20,9.52,9.78,9.71,9.6,25176.99,242459.32,10.06038457659416,10.54495920104747,-0.4845746244533107,-0.4434937195894628,-0.08216180972769571
2016-11-21,9.41,9.65,9.6,9.53,28990.25,276799.18,9.97878694942582,10.469776959796782,-0.4909900103709628,-0.4529929777457628,-0.07599406525039998
2016-11-22,9.49,10.21,9.53,9.83,37365.82,367658.98,9.955896649514154,10.422386028238172,-0.4664893787240185,-0.455692257941414,-0.02159424156520906
2016-11-23,9.73,9.93,9.83,9.8,22154.47,217902.68,9.9319125495889,10.376283318362288,-0.4443707687733891,-0.453427960107809,0.0181143826688398
2016-11-24,8.68,9.82,9.8,9.21,64049.63,595308.73,9.82084908042137,10.289891890104256,-0.46904280968288603,-0.45655093002282443,-0.0249837593201232
2016-11-25,9.16,9.74,9.21,9.4,24496.71,230892.74,9.756103068048848,10.223973921915738,-0.46787085386688965,-0.45881491479163755,-0.01811187815050419
2016-11-26,9.26,9.48,9.4,9.34,18214.99,170393.48,9.692087211425944,10.158494325785103,-0.4664071143591588,-0.46033335470514186,-0.012147519308033927
2016-11-27,8.66,9.34,9.34,8.9,61083.47,547128.12,9.570227640437333,10.065272462763586,-0.49504482232625335,-0.4672756482293642,-0.05553834819377834
2016-11-28,8.63,9.0,8.9,8.66,46102.71,403748.59,9.430192618831585,9.961178143078376,-0.5309855242467911,-0.48001762343284965,-0.10193580162788296
2016-11-29,7.79,8.72,8.66,8.19,84595.13,694478.36,9.239393754395952,9.829979688372442,-0.5905859339764898,-0.5021312855415777,-0.17690929686982426
2016-11-30,8.14,8.75,8.19,8.63,56318.84,477993.39,9.145640869104266,9.741092257791891,-0.5954513886876249,-0.5207953061707872,-0.1493121650336755
2016-12-01,8.3,8.68,8.63,8.46,43101.87,364337.42,9.04015765847284,9.646196489267139,-0.606038830794299,-0.5378440110954895,-0.13638963939761894
2016-12-02,7.27,8.47,8.46,7.68,116181.65,910277.73,8.8309026340924,9.500552239896965,-0.6696496058045653,-0.5642051300373047,-0.21088895153452136
2016-12-03,7.34,8.12,7.68,7.9,58289.52,456900.49,8.687686844232028,9.381992765741648,-0.6943059215096206,-0.5902252883317679,-0.2081612663557053
2016-12-04,7.43,7.95,7.9,7.54,42711.41,328632.2,8.511119637427097,9.245548804977476,-0.7344291675503793,-0.6190660641754903,-0.23072620674977817
2016-12-05,6.56,7.58,7.54,6.69,95587.37,680001.88,8.230947385515233,9.056248826452762,-0.8253014409375297,-0.6603131395278982,-0.329976602819263
2016-12-06,6.41,7.11,6.69,6.81,47706.85,320854.59,8.012340095435965,8.889859969928109,-0.877519874492144,-0.7037544865207473,-0.34753077594279325
2016-12-07,7.71,8.6,7.71,8.37,46875.49,385565.99,8.067364696138124,8.851351812314658,-0.783987116176533,-0.7198010124519045,-0.12837220744925704
2016-12-08,8.22,8.95,8.37,8.27,67714.48,575754.13,8.09853935827072,8.808288702998809,-0.7097493447280883,-0.7177906789071413,0.016082668358106122
2016-12-09,7.97,8.65,8.27,8.55,60071.95,502456.5,8.167994841613686,8.789156201499662,-0.621161359885976,-0.6984648151029084,0.15460691043386476
2016-12-10,8.04,8.55,8.55,8.12,45391.72,375676.39,8.160611019826964,8.739589063514787,-0.5789780436878225,-0.6745674608198913,0.19117883426413762
2016-12-11,8.11,8.26,8.12,8.25,21536.23,176639.09,8.174363170622817,8.703323198863997,-0.5289600282411797,-0.645445974304149,0.2329718921259385
2016-12-12,8.18,8.62,8.25,8.49,43335.74,364335.73,8.222922682834692,8.687521477164099,-0.4645987943294063,-0.6092765383092005,0.2893554879595883
2016-12-13,8.35,8.57,8.49,8.4,37648.68,318236.02,8.25016534701397,8.666223585891439,-0.4160582388774685,-0.5706328784228542,0.3091492790907713
2016-12-14,8.22,8.48,8.4,8.26,33422.27,279642.06,8.251678370550282,8.636132944568185,-0.3844545740179033,-0.533397217541864,0.2978852870479214
2016-12-15,7.64,8.32,8.26,7.77,75000.43,598430.15,8.17757400585024,8.57197493814909,-0.39440093229885065,-0.5055979604932613,0.22239405638882137
2016-12-16,7.77,7.95,7.77,7.89,32425.44,254421.75,8.133331851104048,8.521458268390559,-0.38812641728651087,-0.48210365185191123,0.18795446913080072
2016-12-17,7.51,7.9,7.89,7.68,36896.29,283252.59,8.063588489395732,8.459128017521,-0.3955395281252674,-0.4647908271065825,0.1385025979626302
2016-12-18,7.68,7.97,7.68,7.94,22625.38,177946.56,8.044574875642542,8.42067408528942,-0.3760992096468776,-0.44705250361464155,0.1419065879355279
2016-12-19,7.57,7.95,7.94,7.62,39547.57,308122.73,7.979255664005228,8.361364886634878,-0.38210922262964964,-0.43406384741764314,0.10390924957598702
2016-12-20,7.55,7.77,7.62,7.58,29862.69,228186.17,7.917831715696731,8.303485999681225,-0.3856542839844943,-0.42438193473101343,0.07745530149303825
2016-12-21,7.58,7.97,7.58,7.88,46425.49,362704.2,7.912011451743388,8.272116663128553,-0.36010521138516527,-0.41152659006184383,0.10284275735335713
2016-12-22,7.5,7.95,7.88,7.65,84291.82,646148.32,7.871701997629021,8.226033942930128,-0.3543319453011069,-0.40008766110969646,0.09151143161717912
2016-12-23,7.04,7.67,7.65,7.18,96220.41,708517.98,7.765286305686095,8.14854994029001,-0.38326363460391555,-0.39672285580854033,0.026918442409249566
2016-12-24,7.01,7.46,7.18,7.24,30547.09,222362.53,7.6844730278882345,8.081249939189922,-0.39677691130168746,-0.3967336669071698,-8.648878903527724e-05
2016-12-25,7.12,7.34,7.24,7.22,25909.14,186997.54,7.613015638982352,8.017453642550377,-0.40443800356802484,-0.3982745342393409,-0.012326938657367892
2016-12-26,7.02,7.33,7.22,7.23,26968.38,194829.13,7.5540901560619895,7.9591237389981995,-0.40503358293620995,-0.39962634397871477,-0.01081447791499035
2016-12-27,7.05,7.37,7.23,7.16,44686.29,321652.14,7.493460901283221,7.899929384104977,-0.4064684828217562,-0.4009947717473231,-0.010947422148866126
2016-12-28,7.05,7.72,7.16,7.62,94309.02,693301.5,7.512928454931957,7.879193872920488,-0.3662654179885312,-0.3940489009955648,0.05556696601406719
2016-12-29,7.58,8.53,7.62,8.29,146158.7,1193400.15,7.632477923403964,7.909623958107464,-0.27714603470350063,-0.37066832773715197,0.18704458606730268
2016-12-30,8.01,8.52,8.29,8.22,68694.29,569292.34,7.722865935187969,7.932614777214413,-0.2097488420264435,-0.3384844305950103,0.25747117713713363
2016-12-31,8.0,8.29,8.22,8.13,42604.11,345489.04,7.7855019451590515,7.947235905528289,-0.16173396036923737,-0.3031343365498558,0.2828007523612368
2017-01-01,8.08,8.6,8.13,8.18,59493.79,494058.62,7.84619395359612,7.964477691068432,-0.11828373747231247,-0.26616421673434715,0.29576095852406936
2017-01-02,8.05,8.53,8.18,8.36,69677.68,576281.05,7.925241037658255,7.993775641080961,-0.06853460342270612,-0.22663829407201894,0.31620738129862563
2017-01-03,8.24,10.02,8.36,9.69,186381.64,1727093.22,8.196742416480062,8.119421894665905,0.0773205218141566,-0.16584653089478382,0.48633410541788086
2017-01-04,9.34,10.99,9.69,10.98,240108.54,2520314.73,8.624935890867745,8.331316576593101,0.2936193142746433,-0.07395336186089839,0.7351453522710834
2017-01-05,9.08,11.8,10.98,10.28,309761.56,3301868.66,8.879561138426553,8.47566350154967,0.4038976368768825,0.02161683788665782,0.7645615979804494
2017-01-06,9.52,10.46,10.28,10.13,138104.31,1390099.98,9.071936347899392,8.598206949577138,0.4737293983222539,0.11203934997377707,0.7233800966969537
2017-01-07,9.58,10.21,10.13,9.96,66199.34,655263.79,9.20856152514564,8.69908051168616,0.5094810134594798,0.19152768267091763,0.6359066615771244
2017-01-08,9.89,10.58,9.96,10.44,60801.43,622028.4,9.398013598200157,8.828037514156721,0.5699760840434358,0.2672173629454213,0.605517442196029
2017-01-09,10.23,10.94,10.44,10.37,70750.14,750906.37,9.547549967707825,8.942256960288567,0.6052930074192577,0.33483249184018865,0.5409210311581382
2017-01-10,10.34,10.75,10.37,10.66,53708.47,569251.05,9.718696126522005,9.069497188274555,0.6491989382474497,0.3977057811216409,0.5029863142516176
2017-01-11,9.47,10.84,10.66,9.9,136012.38,1369411.64,9.746589030134004,9.13101591633244,0.6155731138015632,0.44127924765762544,0.34858773228787554
2017-01-12,9.12,10.4,9.9,9.89,79325.95,767211.3,9.768652256267234,9.187236960636158,0.5814152956310767,0.46930645725231573,0.22421767675752202
2017-01-13,9.51,9.91,9.89,9.79,75160.15,727665.4,9.771936524533814,9.231886075449252,0.5400504490845623,0.48345525561876507,0.11319038693159456
2017-01-14,9.69,9.94,9.79,9.85,36466.57,357369.07,9.78394628999015,9.277672292829088,0.5062739971610615,0.4880190039272244,0.036509986467674116
2017-01-15,9.8,10.05,9.85,9.95,26342.6,261429.64,9.80949301460705,9.327474345963894,0.4820186686431551,0.48681893687041067,-0.009600536454511088
2017-01-16,9.56,10.23,9.95,9.62,59203.77,580658.15,9.780340243129041,9.349142913232397,0.4311973298966443,0.47569461547565745,-0.08899457115802634
2017-01-17,9.62,10.53,9.62,10.2,69235.88,705202.76,9.84490328264765,9.412169364919745,0.43273391772790504,0.467102475926107,-0.0687371163964039
2017-01-18,9.99,10.51,10.2,10.23,62085.98,635612.04,9.904148931471088,9.472749412688666,0.4313995187824222,0.45996188449737013,-0.057124731429895825
2017-01-19,10.18,10.5,10.23,10.47,46097.26,477203.58,9.991202942013997,9.546619827383209,0.44458311463078815,0.45688613052405375,-0.0246060317865312
2017-01-20,10.42,10.81,10.47,10.65,60007.76,637465.38,10.092556335550306,9.62835169286117,0.4642046426891362,0.45834983295707027,0.011709619464131849
2017-01-21,10.58,11.06,10.65,10.99,58646.7,635251.37,10.23062459161949,9.729214531386475,0.5014100602330149,0.4669618784122592,0.06889636364151142
2017-01-22,10.66,11.07,10.99,10.78,48319.33,525789.51,10.315143885216493,9.807050492710088,0.5080933925064048,0.4751881812310884,0.06581042255063285
2017-01-23,10.65,10.85,10.78,10.79,37450.63,403154.84,10.388198672106263,9.879861567917967,0.5083371041882963,0.48181796582253006,0.053038276731532386
2017-01-24,10.51,10.92,10.79,10.51,50346.28,536371.79,10.40693733793607,9.926538489165408,0.48039884877066186,0.4815341424121565,-0.0022705872829892337
2017-01-25,10.43,10.66,10.51,10.52,41493.67,437457.96,10.424331593638213,9.970498601386451,0.4538329922517619,0.4759939123800776,-0.04432184025663144
2017-01-26,10.5,10.66,10.52,10.66,42966.6,454473.45,10.460588271540027,10.021572779392189,0.4390154921478384,0.46859822833362974,-0.05916547237158265
2017-01-27,10.42,10.67,10.66,10.51,45753.98,481848.22,10.468190075918484,10.057752573728168,0.41043750219031594,0.45696608310496706,-0.09305716182930224
2017-01-28,10.47,10.58,10.51,10.57,26141.66,275287.46,10.483853141161795,10.09569682773669,0.3881563134251049,0.44320412916899465,-0.11009563148777946
2017-01-29,10.46,10.58,10.57,10.5,17940.18,189086.3,10.486337273290749,10.125645211021222,0.36069206226952666,0.4267017157891011,-0.13201930703914888
2017-01-30,10.37,10.71,10.5,10.59,41621.54,437746.54,10.502285385092172,10.160041862220368,0.3422435228718044,0.4098100772056417,-0.1351331086676747
2017-01-31,10.58,10.79,10.59,10.74,38762.79,413350.16,10.53885686430876,10.203001724467407,0.3358551398413532,0.39501908973278405,-0.11832789978286173
2017-02-01,10.51,10.86,10.74,10.73,58999.83,630953.69,10.56826350056895,10.242038633925379,0.326224866643571,0.3812602451149415,-0.11007075694274104
2017-02-02,10.62,10.86,10.73,10.82,47862.16,513774.84,10.60699219278911,10.284850587129668,0.32214160565944283,0.3694365172238418,-0.09458982312879793
2017-02-03,10.67,10.95,10.82,10.95,49201.44,531755.42,10.659762624667708,10.334120914181288,0.3256417104864209,0.36067755587635764,-0.07007169077987352
2017-02-04,10.94,11.45,10.95,11.42,85693.75,965965.73,10.776722220872674,10.414556402280212,0.36216581859246233,0.36097520841957864,0.0023812203457673764
2017-02-05,11.15,11.44,11.42,11.29,40199.13,453748.39,10.855688033046109,10.479404076379844,0.37628395666626524,0.364036958068916,0.02449399719469847
2017-02-06,11.22,11.42,11.29,11.34,45016.88,509447.54,10.93019756642363,10.543151922750933,0.3870456436726961,0.36863869518967207,0.03681389696604809
2017-02-07,11.29,11.59,11.34,11.49,56217.1,643851.89,11.01632101774307,10.613288817542294,0.40303220020077646,0.375517396191893,0.05502960801776691
2017-02-08,11.15,11.65,11.49,11.45,88301.88,1006729.73,11.083040861167214,10.675267423797813,0.40777343736940175,0.3819686044273948,0.051609665884013944
2017-02-09,10.61,11.54,11.45,10.99,111383.23,1229309.94,11.068726882526105,10.698580948012324,0.37014593451378097,0.37960407044467204,-0.01891627186178213
2017-02-10,10.88,11.48,10.99,11.38,68704.08,768879.39,11.116615054445164,10.749056433447759,0.3675586209974053,0.3771949805552187,-0.01927271911562678
2017-02-11,11.34,11.5,11.38,11.49,35279.96,403164.61,11.174058892222831,10.803941142184977,0.3701177500378545,0.37577953445174594,-0.011323568827782848
2017-02-12,11.4,11.54,11.49,11.48,23063.54,264674.2,11.221126754957782,10.854019576184825,0.3671071787729563,0.3740450633159881,-0.013875769086063583
2017-02-13,11.21,11.54,11.48,11.44,49178.09,559274.36,11.254799561887353,10.897425533574792,0.35737402831256126,0.37071085631530276,-0.026673656005482993
2017-02-14,11.39,14.7,11.44,13.02,234876.32,2938787.27,11.526368860058529,11.054653272064373,0.47171558799415614,0.3909118026510735,0.16160757068616527
2017-02-15,12.66,14.0,13.02,12.98,128207.3,1662522.93,11.750004420049523,11.19727154840585,0.5527328716436735,0.42327601644959356,0.2589137103881598
2017-02-16,12.62,13.03,12.98,12.89,88431.49,1133886.62,11.925388355426518,11.322658841277793,0.6027295141487254,0.45916671598942,0.2871255963186109
2017-02-17,12.71,12.95,12.89,12.75,90714.24,1163632.19,12.0522516853609,11.428387816123864,0.6238638692370362,0.49210614663894325,0.26351544519618586
2017-02-18,12.75,12.93,12.75,12.89,45243.07,581885.8,12.181136041459224,11.536655385419255,0.6444806560399687,0.5225810485191484,0.2437992150416406
2017-02-19,12.79,12.95,12.89,12.9,34803.03,448524.09,12.291730496619346,11.637643875491305,0.654086621128041,0.548882163040927,0.21040891617422797
2017-02-20,12.56,12.95,12.9,12.61,69567.33,893778.72,12.340695035600985,11.70967025515263,0.6310247804483549,0.5653106865224126,0.1314281878518846
2017-02-21,12.3,12.87,12.61,12.83,98509.52,1249472.69,12.415972722431603,11.792657643732484,0.6233150786991182,0.5769115649577538,0.09280702748272884
2017-02-22,12.68,12.99,12.83,12.75,80632.75,1031954.05,12.467361534365201,11.863571892402367,0.6037896419628339,0.5822871803587698,0.04300492320812821
2017-02-23,12.73,13.37,12.75,13.21,99246.56,1290646.25,12.581613606001323,11.963307307854816,0.6183062981465071,0.5894910039163173,0.057630588460379606
2017-02-24,12.81,13.33,13.21,13.2,141491.9,1860597.64,12.676749974308812,12.054914174003295,0.6218358003055169,0.5959599631941572,0.05175167422271931
2017-02-25,13.06,13.87,13.2,13.65,96768.93,1307178.81,12.826480747492074,12.173068679708699,0.6534120677833748,0.6074503841120008,0.09192336734274797
2017-02-26,13.4,14.84,13.65,14.74,100635.82,1418191.22,13.120868324800984,12.36321174058429,0.7576565842166936,0.6374916241329394,0.24032992016750843
2017-02-27,14.37,16.32,14.74,15.66,227368.74,3437218.12,13.511503967139292,12.60741827845349,0.904085688685802,0.690810437043512,0.42655050328458
2017-02-28,15.21,16.94,15.66,16.4,344427.99,5496235.97,13.955887972194787,12.888350257970789,1.0675377142239988,0.7661558924796095,0.6027636434887786
2017-03-01,15.68,17.58,16.4,17.37,251573.29,4080210.08,14.481135976472514,13.220324313092908,1.2608116633796058,0.8650870466596089,0.7914492334399938
2017-03-02,16.88,19.99,17.37,19.27,353316.15,6530061.52,15.217884287784434,13.668448438245212,1.549435849539222,1.0019568072355316,1.0949580846073808
2017-03-03,18.2,21.49,19.27,19.68,418054.19,8292701.24,15.904363628125292,14.113748554111293,1.7906150740139992,1.1596884605912252,1.261853226845548
2017-03-04,18.65,20.4,19.68,18.65,150668.49,2942700.62,16.326769223798323,14.449767179858823,1.8770020439395,1.3031511772608804,1.1477017333572395
2017-03-05,18.18,19.45,18.65,19.37,126250.85,2382207.51,16.794958573983198,14.814228870366335,1.9807297036168627,1.438666882532077,1.0841256421695715
2017-03-06,19.17,20.24,19.37,19.68,141862.26,2804985.76,17.23881110106271,15.174656361566313,2.064154739496395,1.563764453924941,1.0007805711429083
2017-03-07,18.59,19.77,19.68,18.96,156647.94,3000705.32,17.503609393206908,15.455052186719037,2.048557206487871,1.660723004437527,0.775668404100688
2017-03-08,16.65,18.96,18.96,16.68,280369.05,4972148.41,17.37690025579046,15.545789061801925,1.8311111939885354,1.6948006423477286,0.2726211032816135
2017-03-09,16.2,18.29,16.68,17.82,182290.07,3139630.97,17.445069447207313,15.714249131341118,1.730820315866195,1.7020045770514223,0.05763147762954546
2017-03-10,17.01,19.7,17.82,19.2,308771.31,5707738.07,17.715058763021574,15.972452899451007,1.7426058635705672,1.710124834355251,0.0649620584306323
2017-03-11,18.91,21.89,19.2,21.64,227081.01,4620772.87,18.31889587640287,16.392271203287336,1.9266246731155334,1.7534248021073076,0.34639974201645174
2017-03-12,21.33,24.25,21.64,23.39,263530.04,5998303.82,19.09906574157166,16.91062148463044,2.188444256941221,1.84042869307409,0.6960311277342615
2017-03-13,23.38,31.1,23.39,28.63,624529.57,17313033.21,20.565363319791405,17.77872359704306,2.786639722748344,2.029670899008941,1.513937647478806
2017-03-14,27.16,30.0,28.63,28.69,225827.62,6463914.73,21.81530742443888,18.586966293698932,3.228341130739949,2.269404945355143,1.9178723707696124
2017-03-15,28.5,35.86,28.69,35.65,407951.45,13024043.77,23.943721666832904,19.850894716591398,4.092826950241506,2.6340893463324155,2.91747520781818
2017-03-16,35.65,47.03,35.65,45.96,730115.9,29848110.67,27.330841410397078,21.784902515650725,5.545938894746353,3.2164592560152037,4.658959277462299
2017-03-17,35.04,57.67,45.96,44.62,714087.72,33187742.19,29.990711962643683,23.476391218428603,6.51432074421508,3.87603155365518,5.2765783811198
2017-03-18,30.7,45.0,44.62,34.03,568891.39,21037389.23,30.61214089146773,24.258140017163438,6.354000874304294,4.371625417785004,3.9647509130385803
2017-03-19,33.64,45.64,34.03,43.21,456278.75,18290571.59,32.55027306201116,25.661981497539685,6.888291564471473,4.874958647122298,4.026665834698349
2017-03-20,40.86,45.25,43.21,42.31,228423.36,9886785.64,34.05176951400944,26.895168053412615,7.1566014605968284,5.331287209817205,3.650628501559247
2017-03-21,41.76,43.68,42.31,42.36,153365.51,6558176.59,35.32995881954645,28.040711160683465,7.289247658862983,5.722879299626361,3.132736718473245
2017-03-22,38.26,42.59,42.36,41.37,215074.73,8694763.41,36.25919592423161,29.02806588961448,7.231130034617131,6.024529446624515,2.4132011759852308
2017-03-23,40.33,43.97,41.37,42.99,176095.67,7419929.65,37.2947042435806,30.062283231214483,7.232421012366114,6.266107759772836,1.9326265051865565
2017-03-24,42.5,53.44,42.99,52.93,410838.4,19785456.56,39.70013435995281,31.75618817718688,7.943946182765934,6.601675444371457,2.6845414767889544
2017-03-25,47.29,53.4,52.93,50.5,321381.11,16183488.6,41.361652150729306,33.14461868268398,8.217033468045322,6.924747049106231,2.5845728378781825
2017-03-26,48.51,51.5,50.5,50.73,138810.77,6961266.89,42.80293643523249,34.447239521093636,8.355696914138854,7.210937022112756,2.289519784052196
2017-03-27,48.28,51.71,50.73,48.97,167688.47,8404872.05,43.75171544519672,35.52299955663697,8.228715888559755,7.414492795402157,1.6284461863151964
2017-03-28,48.51,50.44,48.97,50.3,148100.51,7348122.31,44.759143838243375,36.61759218213607,8.141551656107303,7.559904567543186,1.1632941771282344
2017-03-29,50.11,53.97,50.3,53.1,242466.46,12696297.27,46.04235247851363,37.83851127982255,8.20384119869108,7.6886918937727655,1.0302986098366294
2017-03-30,51.52,53.34,53.1,51.87,132517.91,6956979.32,46.93891363566538,38.87788081470325,8.061032820962126,7.763160079210638,0.5957454835029754
2017-03-31,46.98,52.41,51.87,50.18,247518.46,12258616.13,47.43754230710148,39.71507482846828,7.722467478633199,7.755021559095151,-0.06510816092390392
2017-04-01,48.85,51.85,50.18,50.71,90500.08,4562219.23,47.940997336778175,40.529513730098664,7.411483606679511,7.686313968612024,-0.549660723865026
2017-04-02,48.14,51.19,50.71,48.74,150042.64,7453149.87,48.063920823427694,41.13769789826401,6.926222925163685,7.534295759922356,-1.216145669517342
2017-04-03,42.39,48.97,48.74,44.25,320838.99,14666813.46,47.47716377366959,41.3682387946975,6.108924978972091,7.249221603732303,-2.2805932495204235
2017-04-04,41.45,46.25,44.25,44.47,217773.83,9516955.39,47.014523193105035,41.5979988839871,5.416524309117932,6.882682144809429,-2.9323156713829945
2017-04-05,44.2,47.63,44.47,44.78,153140.72,7054235.32,46.6707503941658,41.833702670365966,4.837047723799834,6.473555260607511,-3.273015073615353
2017-04-06,41.1,45.97,44.78,43.3,171491.68,7464018.9,46.15217341044798,41.94231728737911,4.209856123068867,6.0208154330997825,-3.6219186200618303
2017-04-07,41.57,44.64,43.3,42.32,106373.33,4566968.25,45.56260827037906,41.97029378461106,3.592314485768,5.5351152436334266,-3.885601515730853
2017-04-08,42.31,45.5,42.32,44.45,78580.8,3500595.99,45.391437767243815,42.15397572649639,3.237462040747424,5.075584603056226,-3.676245124617605
2017-04-09,42.72,44.74,44.45,43.92,56522.72,2474395.44,45.165062726129385,42.28479233935158,2.880270386777802,4.636521759800542,-3.512502746045479
2017-04-10,42.72,44.65,43.92,43.92,68313.48,2978928.93,44.97351461441717,42.40591883273558,2.5675957816815895,4.222736564176751,-3.3102815649903228
2017-04-11,43.55,44.5,43.92,43.83,54986.75,2420789.78,44.797589289122214,42.51140632660915,2.2861829625130667,3.835425843844014,-3.0984857626618947
2017-04-12,43.58,47.88,43.83,46.48,123684.88,5618434.19,45.05642170618034,42.80537622834729,2.2510454778330455,3.5185497706418203,-2.5350085856175495
2017-04-13,46.22,51.11,46.48,49.77,173020.62,8494580.05,45.781587597537204,43.32127428551566,2.4603133120215404,3.3069024789177646,-1.6931783337924484
2017-04-14,46.52,50.0,49.77,47.2,84119.33,4024842.23,45.99980489022379,43.608587301407994,2.391217588815799,3.1237655008973717,-1.4650958241631455
2017-04-15,46.78,74.98,47.2,48.94,43649.87,2084025.5,46.45214259942013,44.003506760568804,2.448635838851324,2.9887395684881626,-1.0802074592736775
2017-04-16,47.5,49.25,48.94,48.13,42235.56,2043139.03,46.710274507201646,44.30917292645679,2.4011015807448572,2.871211970939502,-0.9402207803892892
2017-04-17,47.5,48.29,48.13,47.94,54006.9,2587857.02,46.89946304455524,44.57812308005599,2.321339964499252,2.761237569651452,-0.8797952103044002
2017-04-18,47.7,49.93,47.94,49.79,80984.29,3962080.36,47.34416103770059,44.964188037093415,2.3799730006071727,2.6849846558425967,-0.6100233104708481
2017-04-19,47.25,50.32,49.79,47.78,103734.12,5131263.04,47.41121318574665,45.172766701014694,2.238446484731952,2.595677021620468,-0.7144610737770316
2017-04-20,47.6,49.5,47.78,49.38,93616.82,4546096.81,47.714103464862546,45.484413612053785,2.229689852808761,2.5224795878581268,-0.5855794700987316
2017-04-21,48.24,49.49,49.38,48.37,75751.29,3712932.91,47.815010624114464,45.69816075190365,2.116849872210814,2.4413536447286646,-0.6490075450357011
2017-04-22,48.22,49.08,48.37,48.61,58655.76,2853455.65,47.93731668194302,45.9138525480608,2.0234641338822144,2.3577757425593746,-0.6686232173543205
2017-04-23,48.25,49.0,48.61,48.96,52542.67,2555384.2,48.094652577028704,46.139493100058104,1.9551594769706,2.27725248944162,-0.6441860249420399
2017-04-24,48.94,50.44,48.96,50.12,87525.62,4374104.47,48.40624448825506,46.43434546301895,1.9718990252361124,2.2161817966005186,-0.4885655427288125
2017-04-25,50.0,50.75,50.12,50.31,76642.95,3861596.52,48.69912995160044,46.72143098427877,1.9776989673216718,2.1684852307447495,-0.3815725268461554
2017-04-26,50.25,54.85,50.31,53.42,187574.5,9911654.68,49.425417651354216,47.21762128174275,2.207796369611465,2.1763474585180926,0.06289782218674489
2017-04-27,52.66,63.99,53.42,63.67,305748.06,18218315.3,51.61689185883819,48.436316001620824,3.180575857217363,2.377193138257947,1.606765437918832
2017-04-28,62.5,74.9,63.67,73.14,439080.81,29764049.64,54.92813926517077,50.266218520029256,4.661920745141515,2.834138659634661,3.655564171013708
2017-04-29,68.24,74.89,73.14,70.4,242005.37,17346942.58,57.308425532067574,51.757609740775344,5.55081579129223,3.3774740859661754,4.346683410652109
2017-04-30,70.0,82.9,70.4,80.87,269888.42,20584476.48,60.93328314251872,53.91408309332058,7.01920004919814,4.105819278612569,5.826761541171143
2017-05-01,72.24,85.21,80.87,79.35,416156.9,33480503.94,63.76662419751584,55.79822508641609,7.96839911109975,4.878335245110005,6.180127731979489
2017-05-02,75.54,83.07,79.35,77.55,208582.4,16427688.06,65.88714355174417,57.409467672613935,8.477675879130238,5.598203371914052,5.758945014432372
2017-05-03,75.89,81.4,77.55,81.29,216364.72,17027417.4,68.25681377455277,59.178395993167605,9.078417781385163,6.294246253808275,5.568343055153775
2017-05-04,80.31,96.66,81.29,95.97,353899.08,31607268.71,72.52038088616004,61.90369999368306,10.616680892476978,7.158733181542017,6.915895421869923
2017-05-05,89.0,98.98,95.97,91.93,240061.94,22792285.13,75.50647613444312,64.12787036452843,11.378605769914685,8.002707699216552,6.751796141396266
2017-05-06,91.93,96.42,91.93,95.84,111326.05,10490087.26,78.63471057529803,66.4769170041999,12.157793571098125,8.833724873592868,6.648137395010515
2017-05-07,90.0,97.95,95.84,93.82,145930.52,13871180.1,80.9709089483291,68.50233055944987,12.468578388879223,9.56069557665014,5.815765624458166
2017-05-08,85.1,94.74,93.82,89.25,210827.43,19027227.25,82.24461526397077,70.03919496245747,12.2054203015133,10.089640521622773,4.231559559781054
2017-05-09,75.89,90.08,89.25,86.58,273001.48,23133637.07,82.9115975310522,71.26443978005608,11.647157750996115,10.401143967497442,2.492027566997347
2017-05-10,85.39,91.98,86.58,88.36,142798.6,12651925.92,83.7498132955057,72.53077757412875,11.219035721376954,10.564722318273345,1.3086268062072186
2017-05-11,87.01,90.99,88.36,88.3,115134.68,10213510.73,84.44984201927406,73.69886812419563,10.750973895078431,10.601972633634363,0.29800252288813667
2017-05-12,82.2,90.3,88.3,85.17,135056.75,11796903.84,84.56063555477036,74.548581596479,10.01205395829136,10.483988898565762,-0.943869880548803
2017-05-13,82.0,88.74,85.17,88.42,88615.54,7600806.6,85.15438393095953,75.57609407081564,9.578289860143883,10.302849090881388,-1.4491184614750097
2017-05-14,87.13,89.94,88.42,89.39,53049.01,4713507.67,85.80601717235037,76.59934636186796,9.206670810482407,10.083613434801592,-1.753885248638369
2017-05-15,89.28,94.7,89.39,91.0,130441.28,11937509.69,86.60509145352724,77.66606144617562,8.939030007351619,9.854696749311598,-1.831333483919959
2017-05-16,87.08,92.3,91.0,87.98,127110.8,11416157.35,86.81661584529228,78.43005689460809,8.38655895068419,9.561069189586117,-2.3490204778038546
2017-05-17,82.5,89.98,87.98,86.88,152677.51,13232890.86,86.82636725370884,79.05597860611938,7.770388647589456,9.202933081186785,-2.8650888671946575
2017-05-18,86.5,96.2,86.88,96.2,173249.17,15993643.17,88.2684645992921,80.3259061167787,7.942558482513405,8.950858161452109,-2.016599357877407
2017-05-19,96.18,129.98,96.2,125.14,484280.55,54963567.09,93.94100850709331,83.64546862665054,10.295539880442774,9.219794505250242,2.151490750385065
2017-05-20,121.0,129.34,125.14,123.63,198964.37,25031581.26,98.5085456598482,86.60728576542012,11.90125989442808,9.75608758308581,4.29034462268454
2017-05-21,122.0,148.97,123.63,148.78,318574.91,43505747.13,106.2426155583331,91.2126720050229,15.029943553310204,10.81085877713069,8.438169552359028
2017-05-22,131.22,184.22,148.78,160.1,642448.27,105740817.1,114.52836701089724,96.31543704169225,18.212929969204993,12.291273015545553,11.84331390731888
2017-05-23,155.7,177.9,160.1,169.95,269250.5,44761219.81,123.05477208614381,101.76984911268235,21.284922973461462,14.090003007128736,14.389839932665453
2017-05-24,167.7,202.0,169.95,196.06,360830.35,67895079.24,134.2863456113525,108.75430473397027,25.532040877382215,16.378410581179434,18.307260592405562
2017-05-25,162.04,217.85,196.06,181.51,482875.03,96398922.27,141.55152320960596,114.14361549442059,27.407907715185374,18.584310007980623,17.647195414409502
2017-05-26,140.0,199.99,181.51,163.8,437396.51,75414265.02,144.97436579274353,117.8218661985399,27.152499594203633,20.297947925225227,13.709103337956812
2017-05-27,115.67,172.0,163.8,159.91,464987.82,69086549.89,147.27215567078298,120.93950573939063,26.332649931392353,21.504888326458655,9.655523209867397
2017-05-28,159.59,185.0,159.91,175.48,235833.53,40666324.91,151.61182402912405,124.97954235128981,26.632281677834243,22.530366996733775,8.203829362200935
2017-05-29,167.0,199.0,175.48,194.82,218840.44,40622488.98,158.25923571695114,130.1529095845302,28.106326132420946,23.645558823871212,8.921534617099468
2017-05-30,185.0,233.09,194.82,228.69,448179.33,93703935.58,169.09473791434328,137.45195331901283,31.642784595330454,25.245003978163066,12.795561234334777
2017-05-31,215.42,234.76,228.69,229.14,350206.07,79439685.18,178.33247054290587,144.24366048057036,34.08881006233551,27.01376519499756,14.150089734675902
2017-06-01,206.02,238.97,229.14,221.91,345158.11,77389924.49,185.03670584399728,149.99672266719708,35.039983176800206,28.619008791358088,12.841948770884237
2017-06-02,216.5,229.75,221.91,222.04,166352.56,37081095.86,190.72952032953617,155.33326172888815,35.396258600648025,29.974458753216076,10.843599694863897
2017-06-03,218.56,227.5,222.04,224.95,109741.98,24513281.94,195.99420950960754,160.49005715637966,35.50415235322788,31.080397473218444,8.847509760018873
2017-06-04,224.0,249.04,224.95,245.5,212893.42,50959013.68,203.61048496966794,166.78708995961279,36.82339501005515,32.22899698058579,9.18879605893872
2017-06-05,241.2,248.98,245.5,248.0,147943.22,36502542.85,210.43964112818057,172.8028610737173,37.63678005446326,33.310553595361284,8.652452918203949
2017-06-06,247.0,269.36,248.0,264.58,320723.29,82744001.93,218.76892710846047,179.6011676608512,39.167759447609285,34.48199476581089,9.371529363596792
2017-06-07,244.98,265.63,264.58,255.68,217929.53,56362415.22,224.44755370715887,185.23663672301174,39.21091698414713,35.42777920947814,7.566275549337988
2017-06-08,250.0,261.0,255.68,258.64,136840.28,35005691.85,229.70793005990367,190.67392289167879,39.03400716822489,36.14902480122749,5.769964733994797
2017-06-09,258.63,279.39,258.64,279.38,191009.87,51633564.45,237.34978697376465,197.2447434182225,40.10504355554215,36.940228552090424,6.329630006903457
2017-06-10,278.03,358.46,279.38,340.2,422776.34,131572602.85,253.17289667010857,207.83402168354144,45.338874986567134,38.61995783898577,13.43783429516273
2017-06-11,317.05,355.0,340.2,343.01,251081.34,85592217.05,266.9939894900919,217.84705711439204,49.14693237569986,40.72535274632859,16.843159258742546
2017-06-12,306.11,420.0,343.01,397.37,533643.35,198304467.7,287.05183726084704,231.14505288369858,55.906784377148455,43.761639072492564,24.290290609311782
2017-06-13,359.75,400.0,397.37,388.0,269654.04,104082570.78,302.58232383610135,242.7639378552783,59.81838598082305,46.97298845415867,25.69079505332877
2017-06-14,315.0,394.47,388.0,341.7,371647.61,134508919.39,308.6004278613165,250.09253505118465,58.507892810131864,49.27996932535331,18.4558469695571
2017-06-15,253.0,356.29,341.7,343.71,746442.06,231803268.84,314.00190049803706,257.02716208443115,56.974738413605905,50.818923143003836,12.311630541204138
2017-06-16,314.0,364.0,343.71,354.26,256280.74,88134279.02,320.1954542675698,264.22959452262234,55.965859744947466,51.848310463392565,8.235098563109801
2017-06-17,341.65,369.0,354.26,368.98,143736.77,51261725.65,327.700768995636,271.9888838172438,55.71188517839221,52.6210254063925,6.181719543999421
2017-06-18,340.11,381.66,368.98,351.85,153305.27,55246020.7,331.4160353039997,277.90452205300414,53.51151325099556,52.79912297531311,1.4247805513649041
2017-06-19,346.88,362.5,351.85,358.71,102985.08,36653221.42,335.61510679569204,283.89011301204147,51.724993783650575,52.58429713698061,-1.7186067066600685
2017-06-20,325.0,365.79,358.71,350.94,208984.31,73795531.25,337.9727826732779,288.85677130744625,49.11601136583164,51.89063998275082,-5.549257233838361
2017-06-21,0.1,352.0,350.94,325.41,362773.06,109573239.31,336.040046877389,291.56441787726527,44.47562900012372,50.40763778622541,-11.86401757220338
2017-06-22,305.0,336.68,325.41,320.02,148969.08,47698163.15,333.57542428086765,293.6722387752458,39.90318550562188,48.306747330104706,-16.807123648965657
2017-06-23,316.66,332.95,320.02,326.99,77361.77,25188926.61,332.5622820838111,296.1402210881907,36.42206099562043,45.92981006320785,-19.01549813517485
2017-06-24,295.55,330.7,326.99,304.5,130959.16,41053846.39,328.24500791707095,296.75946397054696,31.48554394652399,43.040956839871086,-23.110825786694193
2017-06-25,251.3,310.0,304.5,278.49,263316.16,74023435.12,320.5903913144446,295.40617034309895,25.184220971345667,39.46960966616601,-28.570777389640682
2017-06-26,206.5,293.0,278.49,252.01,570509.84,140225606.23,310.03956188145315,292.1916392065729,17.847922674880238,35.14527226790886,-34.59469918605724
2017-06-27,211.0,288.51,252.01,287.23,467570.56,115428201.51,306.5303985150758,291.82411037645636,14.706288138619414,31.05747544205097,-32.70237460686311
2017-06-28,260.11,323.69,287.23,315.32,400443.84,117593524.91,307.8826448973718,293.5645466448671,14.318098252504683,27.709600004141713,-26.78300350327406
2017-06-29,286.22,322.9,315.32,292.95,203290.87,62132254.77,305.58531491316074,293.5190246711732,12.06629024198753,24.580938051710877,-25.029295619446692
2017-06-30,270.5,306.5,292.95,280.04,228650.07,65599322.46,301.65526646498216,292.5205783992344,9.134688065747753,21.491688054518253,-24.713999977541
2017-07-01,253.23,281.98,280.04,263.12,177875.83,47415685.5,295.726763931908,290.3427577770688,5.384006154839199,18.270151674582443,-25.77229103948649
2017-07-02,255.7,293.73,263.12,285.0,189772.27,52262287.77,294.07649255776835,289.9469979417304,4.1294946160379595,15.442020262873546,-22.625051293671174
2017-07-03,273.07,285.0,285.0,276.37,125450.8,35016353.54,291.3524167796501,288.94129439049107,2.411122389159061,12.83584068813065,-20.84943659794318
2017-07-04,265.0,282.83,276.37,269.2,109560.95,30109905.28,287.94435265970395,287.47897628749166,0.46537637221229033,10.36174782494698,-19.792742905469378
2017-07-05,252.67,274.97,269.2,266.27,163719.11,43150162.51,284.60983686590333,285.90794100693665,-1.2981041410333205,8.029777431750919,-18.65576314556848
2017-07-06,261.59,275.0,266.27,266.01,86692.02,23104815.07,281.7483235019182,284.43401945086725,-2.6856959489490464,5.886682755610925,-17.144757409119944
2017-07-07,235.01,266.97,266.01,241.28,173813.04,43235641.32,275.52242757854617,281.2374254174696,-5.714997838923409,3.566346636704058,-18.562688951254934
2017-07-08,231.25,249.5,241.28,246.64,135292.19,32551056.02,271.07897718184677,278.6746531643236,-7.595675982476848,1.3339421128678763,-17.85923619068945
2017-07-09,236.0,253.31,246.64,238.81,71478.52,17506678.15,266.11451915387033,275.7217158928922,-9.607196739021845,-0.8542856575100686,-17.505822163023552
2017-07-10,185.39,240.33,238.81,202.86,390262.56,83595403.95,256.38305466865955,270.32455175267785,-13.941497084018295,-3.471727942811715,-20.93953828241316
2017-07-11,175.56,216.5,202.86,190.57,529292.75,103770299.28,246.2579693350196,264.41680717840535,-18.158837843385754,-6.409149922926525,-23.49937584091846
2017-07-12,181.0,228.88,190.57,224.04,416548.13,86234866.5,242.83982020655503,261.4259325725975,-18.58611236604247,-8.844542411549716,-19.48313990898551
2017-07-13,193.07,227.0,224.04,205.0,226334.24,47054550.83,237.01830940554655,257.2462338635161,-20.22792445796958,-11.12121882083369,-18.213411274271778
2017-07-14,183.12,206.99,205.0,197.23,213004.28,41349453.02,230.89703103546245,252.80058691066301,-21.903555875200567,-13.277686231707067,-17.251739286987
2017-07-15,167.0,198.97,197.23,167.72,259502.23,47186110.39,221.17748779923744,246.4983212135768,-25.320833414339347,-15.686315668233528,-19.26903549221164
2017-07-16,130.26,172.3,167.72,155.68,608545.97,92584328.03,211.10095121473938,239.77103816071917,-28.67008694597979,-18.283069923782783,-20.774034044394014
2017-07-17,153.25,191.5,155.68,190.87,631922.25,109820156.47,207.98849718170257,236.14873903770288,-28.16024185600031,-20.25850431022629,-15.803475091548044
2017-07-18,176.51,249.4,190.87,227.01,861502.71,182312318.0,210.91488223067142,235.47179540528043,-24.556913174609008,-21.118186083102835,-6.877454183012347
2017-07-19,186.01,243.9,227.01,194.73,767465.83,164393592.53,208.42490034902968,232.4538846345189,-24.0289842854892,-21.70034572358011,-4.657277123818183
2017-07-20,194.73,237.0,194.73,226.06,614039.06,134905285.66,211.1379926030251,231.98026355048046,-20.842270947455347,-21.52873076835516,1.3729196417996263
2017-07-21,208.5,238.0,226.06,216.6,289020.82,64364463.59,211.97830143332894,230.84098476896335,-18.862683335634415,-20.995521281811012,4.265675892353194
2017-07-22,215.1,237.67,216.6,230.69,177131.67,40118529.07,214.85702428973988,230.8298007120031,-15.972776422263223,-19.990972309901455,8.036391775276464
2017-07-23,221.2,234.35,230.69,228.31,114698.99,26249308.36,216.92671286054915,230.64314880741028,-13.71643594686114,-18.736065037293393,10.039258180864508
2017-07-24,224.0,229.99,228.31,225.96,74927.06,17023543.96,218.3164493435416,230.29624889575027,-11.979799552208675,-17.38481194027645,10.810024776135549
2017-07-25,193.0,226.59,225.96,203.78,365232.02,75296235.06,216.08007252145828,228.33208231087988,-12.252009789421606,-16.358251510105482,8.212483441367752
2017-07-26,193.4,209.89,203.78,203.23,211168.76,42220511.77,214.10313828738776,226.47266880637028,-12.369530518982515,-15.560507311880889,6.381953585796747
2017-07-27,198.85,205.0,203.23,202.94,125421.87,25314400.8,212.38573239702043,224.72950815404656,-12.343775757026123,-14.917161000909937,5.146770487767629
2017-07-28,189.34,203.95,202.94,190.72,170542.13,33233436.3,209.05254279747885,222.21028532782086,-13.157742530342006,-14.565277306796352,2.8150695529086924
2017-07-29,178.03,209.77,190.72,205.9,270176.25,51679328.43,208.56753621325134,221.00211604427855,-12.434579831027207,-14.139137811642524,3.4091159612306328
2017-07-30,193.26,209.9,205.9,196.95,104659.76,20963045.11,206.7802229496742,219.2204778187764,-12.440254869102205,-13.799361223134461,2.718212708064513
2017-07-31,190.78,201.98,196.95,200.82,117401.55,23092104.62,205.86326557280123,217.85747946183002,-11.9942138890288,-13.438331756313328,2.888235734569058
2017-08-01,200.82,232.73,200.82,225.73,433959.09,94357485.82,208.91968625390874,218.44062913132407,-9.520942877415337,-12.65485398053373,6.2678222062367865
2017-08-02,215.37,228.8,225.73,217.92,148761.72,32849658.95,210.30434990715355,218.40206401048525,-8.097714103331697,-11.743426005093324,7.291423803523255
2017-08-03,217.35,227.53,217.92,224.0,113095.97,25244903.38,212.41137299836072,218.81672593563448,-6.405352937273761,-10.675811391529413,8.540916908511303
2017-08-04,219.51,226.82,224.0,220.72,97638.27,21758153.32,213.68962330630524,218.95770919966156,-5.268085893356329,-9.594266291894797,8.652360797076938
2017-08-05,219.54,258.98,220.72,251.85,318966.11,76619150.23,219.56045048995057,221.3941751848718,-1.8337246949212442,-8.042157972500087,12.416866555157686
2017-08-06,250.99,273.0,251.85,263.96,237739.39,61950704.21,226.39115041457356,224.54719924525168,1.8439511693218833,-6.064936144135692,15.817774626915151
2017-08-07,257.1,274.81,263.96,269.9,168116.61,44860354.07,233.08481958156227,227.90666596782566,5.178153613736612,-3.8163181925612313,17.988943612595687
2017-08-08,267.0,299.45,269.9,295.95,266088.44,76102445.66,242.75638579978346,232.9469129331719,9.809472866611571,-1.09115998072667,21.801265694676484
2017-08-09,276.55,314.71,295.95,295.26,463512.56,137831624.85,250.8338649075091,237.56269716034438,13.271167747164725,1.7813055648516096,22.97972436462623
2017-08-10,288.34,309.8,295.26,300.51,153582.36,46311401.26,258.4763472294308,242.22546033365222,16.250886895778592,4.675221831037007,23.15133012948317
2017-08-11,295.79,310.0,300.51,309.65,131062.56,39595152.25,266.34921688644147,247.21987067930763,19.129346207133835,7.566046706256373,23.126599001754926
2017-08-12,303.61,319.7,309.65,308.35,174987.74,54919824.11,272.81087582698893,251.7480284067663,21.062847420222624,10.265406849049626,21.594881142345997
2017-08-13,287.0,309.95,308.35,296.66,195188.77,57867177.91,276.47997185360606,255.0748411173762,21.405130736229864,12.493351626485675,17.82355821948838
2017-08-14,294.96,309.35,296.66,299.16,115754.7,34747885.03,279.9692069530513,258.340408442015,21.62879851103628,14.320441003395796,14.616715015280967
2017-08-15,267.0,299.18,299.16,286.71,212484.41,60469976.2,281.00625203719727,260.44185966853246,20.564392368664812,15.569231276449603,9.990322184430418
2017-08-16,280.0,303.9,286.71,300.45,125230.52,36960066.56,283.9975978776285,263.4054256190115,20.592172258616984,16.57381947288308,8.036705571467806
2017-08-17,298.0,309.41,300.45,300.67,117873.0,35759155.26,286.5625828195318,266.1657644620477,20.396818357484108,17.338419249803287,6.116798215361641
2017-08-18,287.0,306.09,300.67,292.87,132050.12,39234434.29,287.53295469345,268.1438559833775,19.389098710072517,17.748555141857135,3.281087136430763
2017-08-19,287.0,298.7,292.87,293.58,68001.66,19899757.31,288.46326935599615,270.0280147994236,18.435254556572545,17.885895024800217,1.0987190635446566
2017-08-20,289.5,298.5,293.58,297.79,55101.88,16198759.59,289.8981509935352,272.08445814761444,17.81369284592074,17.87145458902432,-0.11552348620715946
2017-08-21,295.27,344.34,297.79,322.0,311428.04,100520508.89,294.8368969945298,275.78190569223557,19.05499130229424,18.108161931678307,1.8936587412318673
2017-08-22,292.0,329.97,322.0,314.19,197047.43,61322529.98,297.81429745690986,278.62694971503294,19.18734774187692,18.32399909371803,1.7266972963177807
2017-08-23,313.72,324.61,314.19,317.5,102309.16,32657839.2,300.8428670789237,281.5064349213268,19.336432157596903,18.526485706493805,1.619892902206196
2017-08-24,316.0,328.0,317.5,324.56,77744.58,25033864.82,304.49165675908927,284.6955878901174,19.796068868971872,18.78040233898942,2.0313330599649078
2017-08-25,324.38,336.99,324.56,330.14,118194.87,39186766.23,308.4375557192294,288.0618406389976,20.375715080231828,19.0994648872379,2.5525003859878552
2017-08-26,325.57,334.51,330.14,332.99,59967.15,19806246.77,312.21485483934794,291.3898524435163,20.825002395831632,19.444572388956647,2.7608600137499693
2017-08-27,332.44,348.2,332.99,348.2,91478.74,30972598.55,317.7510310179098,295.59801152177437,22.153019496135414,19.986261810392403,4.333515371486023
2017-08-28,336.35,349.99,348.2,347.54,109186.6,37627134.09,322.33394932284676,299.44556622386517,22.888383098981592,20.566686068110243,4.643394061742697
2017-08-29,347.54,374.91,347.54,372.48,170549.02,62024232.53,330.0487263501011,304.8555242813566,25.193202068744483,21.491989268237095,7.402425601014777
2017-08-30,368.3,392.0,372.48,384.1,162065.05,61612513.22,338.364306911624,310.7254854457006,27.6388214659234,22.721355707774357,9.834931516298084
2017-08-31,381.2,389.97,384.1,389.2,118009.24,45626353.51,346.1851827713742,316.5384124497228,29.64677032165139,24.106438630549768,11.080663382203241
2017-09-01,386.98,396.88,389.2,392.87,155517.57,61070928.86,353.36746234500896,322.1926041201137,31.174858224895274,25.520122549418872,11.309471350952805
2017-09-02,333.0,393.76,392.87,354.87,282629.78,101415224.91,353.5986219842383,324.6131519630683,28.985470021170045,26.21319204376911,5.544555954801872
2017-09-03,344.75,372.0,354.87,353.06,132749.63,47131803.58,353.51575706358625,326.72032589172994,26.795431171856308,26.32963986938655,0.9315826049395142
2017-09-04,285.0,353.15,353.06,316.86,442187.06,138125635.24,347.8764098230345,325.98993138123143,21.886478441803092,25.44100758386986,-7.109058284133539
2017-09-05,290.03,325.0,316.86,320.08,294665.64,91169926.68,343.6000390810292,325.5521586863254,18.047880394703782,23.96238214603665,-11.829003502665735
2017-09-06,319.3,345.0,320.08,339.38,191401.76,64069286.75,342.9508022993324,326.5764432280791,16.37435907125331,22.444777531079982,-12.140836919653346
2017-09-07,323.26,339.38,339.38,335.56,101282.57,33592740.02,341.81375579174284,327.241891877851,14.571863913891832,20.870194807642353,-12.596661787501041
2017-09-08,292.8,335.56,335.56,307.96,285619.99,88214346.62,336.60548566993623,325.8136035906028,10.791882079333448,18.854532261980573,-16.12530036529425
2017-09-09,294.51,313.87,307.96,304.99,92737.57,28121304.27,331.7415647976384,324.2711144357433,7.470450361895075,16.577715881963474,-18.214531040136798
2017-09-10,285.13,306.5,304.99,300.33,118799.61,35305619.18,326.9090163672325,322.49769855161423,4.411317815618247,14.144436268694427,-19.46623690615236
2017-09-11,288.03,307.97,300.33,298.47,129694.67,38559083.79,322.53378307996593,320.71786902927244,1.8159140506934932,11.678731825094241,-19.725635548801495
2017-09-12,286.0,316.19,298.47,294.5,182914.81,54966905.24,318.2208933753558,318.77580465673367,-0.5549112813778834,9.232003203799817,-19.5738289703554
2017-09-13,256.41,294.5,294.5,275.71,319936.08,87501576.34,311.68075593299335,315.58574505253114,-3.904989119537788,6.604604739132295,-21.019187717340166
2017-09-14,221.3,280.75,275.71,223.85,491857.08,119474609.09,298.168331943302,308.79050467826954,-10.622172734967535,3.159249244312329,-27.56284395855973
2017-09-15,202.25,269.99,223.85,260.88,639753.85,152861086.03,292.43166549048635,305.2415784058051,-12.809912915318762,-0.03458318761388989,-25.550659455409743
2017-09-16,247.1,278.0,260.88,255.84,177743.79,46479611.19,286.80217849195,301.58220222759735,-14.780023735647376,-2.983671297220588,-23.592704876853574
2017-09-17,240.15,271.2,255.84,259.66,122774.31,31386819.6,282.6264587239577,298.47685391444196,-15.850395190484278,-5.557016075873327,-20.5867582292219
2017-09-18,259.65,303.5,259.66,298.0,287425.78,82904263.85,284.9916189202719,298.4415314022611,-13.449912481989202,-7.135595357096502,-12.6286342497854
2017-09-19,275.25,301.0,298.0,282.8,164199.97,47190323.76,284.6544467786916,297.28289944653807,-12.628452667846489,-8.2341668192465,-8.788571697199977
2017-09-20,278.04,293.58,282.8,283.55,105622.63,30247969.64,284.4845318896621,296.2656476356834,-11.781115746021328,-8.943556604601467,-5.675118282839723
2017-09-21,252.55,286.99,283.55,258.11,201694.74,54203044.57,280.4269115989448,293.43930336637357,-13.012391767428767,-9.757323637166927,-6.51013626052368
2017-09-22,254.01,272.0,258.11,263.88,118061.66,30932093.85,277.8812328914148,291.2497253392348,-13.36849244781996,-10.479557399297533,-5.777870097044854
2017-09-23,260.02,286.63,263.88,286.03,77758.19,21498585.99,279.13488936965865,290.86307901781,-11.728189648151329,-10.729283849068294,-1.99781159816607
2017-09-24,276.23,294.89,286.03,283.21,90828.53,25966522.89,279.76182946663425,290.29618427574997,-10.534354809115712,-10.690298041077778,0.31188646392413233
2017-09-25,282.66,296.7,283.21,294.41,88828.97,25958608.72,282.01539416407513,290.6009113664351,-8.585517202359995,-10.269341873334222,3.3676493419484537
2017-09-26,286.2,295.48,294.41,288.77,61231.12,17844632.84,283.05456429267895,290.46528830225475,-7.410724009575802,-9.697618300582539,4.573788582013474
2017-09-27,288.25,312.75,288.77,309.85,116061.3,34922345.26,287.17693901688216,291.90119287245807,-4.72425385557591,-8.702945411581213,7.957383112010607
2017-09-28,298.1,310.0,309.85,302.33,90132.95,27388129.98,289.50817916813105,292.6736971041278,-3.1655179359967747,-7.595459916464326,8.859883960935102
2017-09-29,278.0,302.6,302.33,291.88,152759.33,44269866.59,289.8730746807263,292.6149047260443,-2.741830045318011,-6.624733942235063,7.765807793834105
2017-09-30,291.25,304.69,291.88,301.57,60055.73,17989413.72,291.67260165292225,293.2782451167077,-1.6056434637854409,-5.620915846545139,8.030544765519396
2017-10-01,295.75,303.25,301.57,303.25,41100.68,12323453.94,293.453739860165,294.0168936265812,-0.5631537664161783,-4.609363430519347,8.092419328206338
2017-10-02,293.73,303.5,303.25,296.72,60463.83,18032390.9,293.95624142013963,294.2171237283159,-0.2608823081762921,-3.7396672060507363,6.9575697957488885
2017-10-03,287.65,299.0,296.72,292.36,58247.44,17049019.04,293.7106658170412,294.0795590076999,-0.36889319065869586,-3.0655124029723284,5.393238424627265
2017-10-04,289.62,295.0,292.36,292.0,41538.9,12151300.18,293.4474864605733,293.9255175997221,-0.47803113914881123,-2.548016150207625,4.139970022117628
2017-10-05,286.69,296.99,292.0,294.89,44261.68,12953531.97,293.6694116204851,293.9969607404834,-0.3275491199983094,-2.1039227441657617,3.5527472483349047
2017-10-06,294.21,308.5,294.89,307.73,81571.08,24628265.3,295.8325790634874,295.014222907855,0.8183561556323866,-1.5194669642061318,4.675646239677037
2017-10-07,304.57,314.62,307.73,311.12,62354.78,19300115.95,298.184489976797,296.20724343319904,1.9772465435979711,-0.8201242626453111,5.5947416124865645
2017-10-08,308.62,313.6,311.12,309.2,43824.13,13644500.37,299.87918382652055,297.16966984555467,2.7095139809658804,-0.11419661392307269,5.647421189777906
2017-10-09,285.88,309.32,309.2,297.0,132885.36,39606638.87,299.4362324685943,297.15710170884694,2.2791307597473747,0.3644688608110169,3.8293237978727155
2017-10-10,290.23,305.0,297.0,297.99,85158.91,25465505.01,299.2137351657337,297.21879787856193,1.9949372871717514,0.690562546083164,2.608749482177175
2017-10-11,297.53,303.0,297.99,302.0,45172.03,13574161.8,299.64239129408236,297.57296099866846,2.069430295413895,0.9663360959493105,2.206188398929169
2017-10-12,300.3,307.0,302.0,302.12,112978.85,34372037.18,300.0235618642235,297.90977870247076,2.1137831617527354,1.1958255091099956,1.8359153052854795
2017-10-13,298.29,345.0,302.12,335.89,260364.5,84595762.03,305.5414754235737,300.72312842821367,4.818346995360002,1.9203298063599974,5.7960343780000105
2017-10-14,332.53,347.0,335.89,338.37,88124.17,30063215.82,310.59201766610084,303.51178558167936,7.080232084421482,2.9523102619722947,8.255843644898373
2017-10-15,320.0,341.0,338.37,336.89,99654.04,33057629.74,314.6378611020853,305.98424590896235,8.65361519312296,4.092571248202428,9.122087889841064
2017-10-16,330.84,350.0,336.89,334.36,132572.3,45212742.16,317.67203631714915,308.0861536194096,9.585882697739578,5.191233538109858,8.789298319259439
2017-10-17,310.5,334.66,334.36,316.37,110893.62,35735837.76,317.4717230375877,308.6997718698237,8.77195116776403,5.907377064040693,5.7291482074466735
2017-10-18,287.4,316.53,316.37,313.59,163663.92,49677659.8,316.8745348779588,309.06201099057745,7.81252388738136,6.288406428708828,3.0482349173450647
2017-10-19,305.34,316.21,313.59,308.02,81119.87,25140959.72,315.5122987428882,308.9848249912754,6.527473751612831,6.33621989328963,0.38250771664640304
2017-10-20,302.0,311.53,308.02,303.15,91536.02,28086354.25,313.61040662859773,308.5526157326624,5.057790895935341,6.080534093818772,-2.045486395766863
2017-10-21,291.38,303.74,303.15,300.0,110535.8,32917792.69,311.5164979165058,307.91908864135405,3.5974092751517333,5.583909130085365,-3.9729997098672634
2017-10-22,291.81,306.55,300.0,295.14,61487.07,18254446.48,308.9970366985818,306.9724894827352,2.024547215846553,4.872036747237603,-5.6949790627820995
2017-10-23,275.46,295.15,295.14,285.83,127944.56,36344513.02,305.43287720649226,305.4063791506808,0.02649805581148712,3.9029290089523796,-7.752861906281785
2017-10-24,280.3,311.7,285.83,296.99,165326.3,50098871.26,304.13397302087805,304.7829436580377,-0.648970637159664,2.992549079729971,-7.28303943377927
2017-10-25,288.05,300.97,296.99,296.76,70233.52,20716448.32,302.9995156330507,304.18865153522006,-1.1891359021693688,2.1562120833501033,-6.690695971038944
2017-10-26,293.81,299.95,296.76,295.98,46475.25,13799993.52,301.9195901510429,303.5806032733519,-1.6610131223090434,1.3927670422182736,-6.107560329054634
2017-10-27,291.57,298.98,295.98,297.59,38403.14,11377539.3,301.25349935857474,303.13685488273325,-1.8833555241585032,0.7375425289429182,-5.241796106202843
2017-10-28,293.51,297.9,297.59,295.11,26251.61,7758822.91,300.30834561110174,302.5422730395678,-2.2339274284660746,0.14324853746111949,-4.754351931854388
2017-10-29,294.42,310.0,295.11,303.38,62428.01,19007680.66,300.7809078247784,302.60432688848874,-1.8234190637103325,-0.25008498277317104,-3.146668161874323
2017-10-30,302.53,309.69,303.38,306.87,40747.46,12490218.99,301.71769123635096,302.92030267452657,-1.2026114381756088,-0.4405902738536587,-1.5240423286439002
2017-10-31,303.49,309.94,306.87,303.51,58658.29,18022322.63,301.9934310461431,302.963983957895,-0.970552911751895,-0.546582801433306,-0.847940220637178
2017-11-01,289.51,305.0,303.51,290.82,111494.96,33210994.21,300.27444165442876,302.0644295906435,-1.789987936214743,-0.7952638283895935,-1.989448215650299
2017-11-02,278.88,295.51,290.82,285.4,194140.11,55697567.45,297.9860660152858,300.830027398744,-2.843961383458179,-1.2050033394033108,-3.2779160881097367
2017-11-03,285.4,308.06,285.4,306.0,117086.48,34846865.74,299.21897893601107,301.21298833217037,-1.9940093961592993,-1.3628045507545086,-1.2624096908095814
2017-11-04,295.0,306.0,306.0,301.66,61767.05,18523272.27,299.59452063816326,301.24610030756514,-1.6515796694018832,-1.4205595744839836,-0.4620401898357991
2017-11-05,295.64,302.0,301.66,296.57,52496.91,15644427.25,299.1292097707535,300.89972250700475,-1.7705127362512485,-1.4905502068374368,-0.5599250588276234
2017-11-06,292.0,304.9,296.57,297.32,86784.66,25945235.9,298.85086980602216,300.63455787685626,-1.7836880708341027,-1.54917777963677,-0.4690205823946654
2017-11-07,287.0,304.0,297.32,292.42,139457.39,40893417.73,297.8615052204803,300.02607210820025,-2.164566887719957,-1.6722556012534076,-0.9846225729330986
2017-11-08,291.0,319.89,292.42,307.91,216181.94,66422175.9,299.40742749425254,300.61006676685207,-1.2026392725995265,-1.5783323355226313,0.7513861258462096
2017-11-09,307.01,329.47,307.91,320.72,152292.53,48807054.55,302.68628480282905,302.09969145078895,0.5865933520400972,-1.1453471980100856,3.4638811001003655
2017-11-10,291.3,325.12,320.72,298.04,151867.91,46451792.67,301.97147175623996,301.79897356554534,0.17249819069462546,-0.8817781202691433,2.1085526219275375
2017-11-11,297.67,319.94,298.04,315.69,116590.68,36070041.1,304.0820145629723,302.82793848661606,1.2540760763562275,-0.454607280944069,3.4173667146005933
2017-11-12,301.04,316.55,315.69,307.1,171074.14,52886758.56,304.5463200148227,303.1443874876075,1.4019325272151946,-0.08329931931221618,2.9704636930548216
2017-11-13,306.5,319.0,307.1,315.56,136277.34,42928263.89,306.2407323202346,304.0640624885255,2.1766698317090913,0.3686945108920455,3.6159506416340914
2017-11-14,315.5,336.91,315.56,335.04,192627.96,63175665.16,310.67138888635236,306.35857637826433,4.3128125080880295,1.1575181103312426,6.310588795513574
2017-11-15,326.0,340.84,335.04,331.81,126289.99,42145249.08,313.9234829038366,308.24386701691145,5.6796158869251485,2.0619376656500243,7.235356442550248
2017-11-16,321.91,334.8,331.81,330.21,128817.68,42297954.6,316.4291009186309,309.8709879786217,6.5581129400092095,2.9611727205218616,7.193880438974696
2017-11-17,326.46,334.3,330.21,332.31,91391.19,30249994.34,318.8723161619185,311.5331370172423,7.339179144676166,3.836774005352723,7.004810278646886
2017-11-18,328.22,349.0,332.31,346.6,97884.46,33115060.34,323.1381136754695,314.13068242337255,9.007431252096978,4.870905454701575,8.273051594790807
2017-11-19,344.01,374.7,346.6,354.59,194323.57,69421270.28,327.976865417705,317.12766891053013,10.849196507174895,6.06656366519624,9.56526568395731
2017-11-20,354.24,373.75,354.59,368.24,122429.34,44557409.8,334.17119381498117,320.91376750975013,13.257426305231036,7.5047361932032,11.50538022405567
2017-11-21,350.5,372.99,368.24,361.51,184909.31,67084561.31,338.37716399729175,323.92089584236123,14.456268154930513,8.895042585548664,11.122451138763697
2017-11-22,361.0,382.96,361.51,381.73,121570.92,45008439.9,345.04683107463154,328.20305170589,16.843779368741536,10.48478994218724,12.717978853108594
2017-11-23,376.04,428.6,381.73,406.61,300290.46,121595850.44,354.51808783238056,334.01097380174997,20.50711403063059,12.48925475987591,16.035718541509357
2017-11-24,401.0,479.89,406.61,470.98,322816.29,143016102.82,372.43530508893747,344.156827594213,28.278477494724484,15.647099306845627,25.262756375757714
2017-11-25,456.0,488.0,470.98,466.77,245767.37,115698848.45,386.9483350752548,353.2392848094565,33.70905026579834,19.25948949863617,28.899121534324337
2017-11-26,451.81,477.65,466.77,473.99,178470.5,82662051.06,400.33936044829255,362.1837822309782,38.15557821731437,23.038707242371814,30.233741949885115
2017-11-27,462.1,492.99,473.99,477.53,214573.14,102690422.27,412.21484345624754,370.727946510165,41.48689694608254,26.728345183113962,29.517103525937152
2017-11-28,463.6,483.0,477.53,468.52,170876.7,80711075.57,420.8771752322095,377.9718023242268,42.90537290798267,29.963750728087707,25.88324435978992
2017-11-29,410.09,518.13,468.52,434.01,446414.24,210512455.72,422.89760981186953,382.1227799298397,40.77482988202985,32.12596655887614,17.297726646307424
2017-11-30,401.5,470.0,434.01,434.03,337291.89,145834049.94,424.6102852254281,385.96775919429604,38.642526031132036,33.42927845332731,10.426495155609445
2017-12-01,421.58,468.43,434.03,463.82,187467.26,83992148.3,430.6425490369007,391.7345918465704,38.90795719033025,34.5250142007279,8.765885979204697
2017-12-02,451.21,474.96,463.82,460.34,153359.34,71316440.44,435.21138764660833,396.81647393200967,38.39491371459866,35.298994103502054,6.1918392221932095
2017-12-03,450.0,483.5,460.34,464.76,155319.05,72814695.64,439.7573280086686,401.8493277148238,37.90800029384479,35.8207953415706,4.174409904548384
2017-12-04,449.4,473.0,464.76,468.22,130971.97,60565575.13,444.13620062271957,406.76567381002207,37.370526812697506,36.130741635795985,2.479570353803041
2017-12-05,451.56,470.0,468.22,457.3,136130.56,62927433.49,446.1614005269166,410.5089572315019,35.65244329541474,36.03508196771974,-0.7652773446099985
2017-12-06,425.01,461.99,457.3,432.49,330168.85,146779503.82,444.0581081381602,412.137182621761,31.920925516399222,35.212250677455636,-6.582650322112826
2017-12-07,415.01,448.89,432.49,433.28,312218.19,135375010.12,442.3999376553664,413.70331724237127,28.696620412995117,33.90912462456353,-10.42500842313683
2017-12-08,420.01,479.1,433.28,463.45,381432.22,172178710.92,445.63840878531,417.3882567058993,28.250152079410668,32.77733011553296,-9.054356072244587
2017-12-09,450.0,535.1,463.45,485.04,465089.3,229413184.61,451.70019204910847,422.3994969499068,29.300695099201675,32.082003112266705,-5.562616026130058
2017-12-10,438.0,486.13,485.04,447.71,192178.32,87760499.48,451.08631634924564,424.2743490276915,26.811967321554107,31.027995954124187,-8.432057265140159
2017-12-11,445.75,519.49,447.71,518.0,262247.88,126402835.43,461.3807292185925,431.2169898404551,30.163739378137393,30.855144638926834,-1.3828105215788824
2017-12-12,501.11,714.0,518.0,686.82,725482.33,420734054.62,496.0636939541937,450.1505461485695,45.91314780562419,33.86674527226631,24.09280506671577
2017-12-13,606.0,784.77,686.82,711.94,693903.3,482343884.21,529.2754333458562,469.5423575449718,59.733075800884365,39.04001137798992,41.38612884578889
2017-12-14,660.83,758.0,711.94,705.01,372341.08,267837586.75,556.3115205234168,486.9844051342332,69.32711538918358,45.09743218022866,48.459366417909834
2017-12-15,618.19,706.0,705.01,693.5,284248.1,190617186.31,577.4174404428911,502.2818566057715,75.13558383711961,51.10506251160685,48.06104265102552
2017-12-16,684.16,735.0,693.5,704.27,180036.77,126274172.33,596.9332188362926,517.2439413016402,79.68927753465232,56.82190551621595,45.73474403687274
2017-12-17,703.0,746.93,704.18,732.18,155067.98,112638702.01,617.7404159384014,533.1651308348521,84.57528510354928,62.372581433682626,44.4054073397333
2017-12-18,695.0,798.81,732.18,785.65,289140.71,216470423.09,643.5726596401857,551.8677137359741,91.70494590421163,68.23905432778842,46.93178315284641
2017-12-19,770.38,875.0,785.65,826.65,381894.64,314535254.6,671.7384043109264,572.221957162939,99.51644714798738,74.49453289182821,50.04382851231833
2017-12-20,701.0,833.6,826.65,802.86,303676.49,240544037.8,691.9109574938609,589.3062566323509,102.60470086150997,80.11656648576457,44.97626875149081
2017-12-21,767.15,845.0,802.86,796.98,232713.18,187492726.28,708.0754255717285,604.6894968818063,103.38592868992214,84.77043892659609,37.230979526652106
2017-12-22,460.0,799.95,796.98,682.11,743873.43,485222147.24,704.0807447145394,610.4243489646356,93.65639574990382,86.54763029125765,14.21753091729235
2017-12-23,670.0,774.99,682.11,732.8,192493.97,140438510.6,708.4990916815333,619.4892120042922,89.00987967724109,87.04008016845434,3.9395990175734994
2017-12-24,641.14,734.86,732.8,697.04,157409.52,107600462.0,706.736154499759,625.233714818789,81.50243968096993,85.93255207095747,-8.860224779975084
2017-12-25,693.5,759.88,697.04,740.5,118894.8,86804964.19,711.9305922690269,633.7719581655455,78.1586341034814,84.37776847746227,-12.438268747961729
2017-12-26,738.07,771.0,740.5,755.07,98761.39,74310569.35,718.5674242276381,642.7569983014309,75.81042592620713,82.66429996721125,-13.707748082008237
2017-12-27,706.0,767.0,755.07,739.99,121822.72,90191247.25,721.8632051156937,649.9594428716954,71.90376224399836,80.51219242256867,-17.216860357140632
2017-12-28,676.03,742.31,739.99,719.5,169702.64,119741787.54,721.4996350978948,655.1105952515699,66.38903984632498,77.68756190731995,-22.59704412198994
2017-12-29,713.0,755.0,719.5,748.89,143781.49,106051307.18,725.7135373905264,662.0572178255276,63.65631956499885,74.88131343885573,-22.44998774771375
2017-12-30,702.0,748.9,748.89,724.99,48764.35,35276546.67,725.60222394583,666.718905394007,58.88331855182298,71.68171446144918,-25.596791819252388
